panel,gender,x_position,system,system_display,label,pearson_r,baseline_pearson_r,pearson_r_improvement,score_pvalue,wilcox_pvalue,wilcox_pvalue_fdr,n_seeds,n_subjects,description
Male,male,1,bone_density,Bone Density,spine_l1_l3_area,0.4090357372805774,0.3331368227809352,0.0758989144996422,1.247605432108156e-47,3.0517578125e-05,0.0003283323355056,15,1216,Projected bone area of the L1-L3 lumbar spine region measured in cm² via DXA. Represents the size of this extended spinal segment.
Male,male,1,bone_density,Bone Density,spine_l1_l3_bmc,0.3468394690039903,0.2777456295083482,0.069093839495642,9.026335127742208e-33,3.0517578125e-05,0.0003283323355056,15,1216,Bone Mineral Content (BMC) of the L1-L3 lumbar spine region measured in grams via DXA. Total mineral mass across three lumbar vertebrae.
Male,male,1,bone_density,Bone Density,spine_l1_l4_area,0.4296394125517906,0.361026949857043,0.0686124626947475,2.6122603241355392e-52,3.0517578125e-05,0.0003283323355056,15,1219,Projected bone area of the L1-L4 lumbar spine region measured in cm² via DXA. Standard assessment region representing the entire clinically-relevant lumbar spine.
Male,male,1,bone_density,Bone Density,spine_l1_l4_bmc,0.3502748168946613,0.3285001771425103,0.0217746397521509,3.377481344374684e-32,0.00042724609375,0.0029365453827247,15,1219,"Bone Mineral Content of the lumbar spine (L1-L4), measured in grams via DXA absorptiometry"
Male,male,1,bone_density,Bone Density,spine_l2_l4_area,0.419854085268053,0.3263361671220139,0.0935179181460391,1.8501063062580528e-50,3.0517578125e-05,0.0003283323355056,15,1219,"Projected bone area of lumbar spine L2-L4 region, measured in square centimeters by DXA"
Male,male,1,bone_density,Bone Density,spine_l2_l4_bmc,0.3458259460497908,0.2891870016892136,0.0566389443605771,7.323602838705981e-34,3.0517578125e-05,0.0003283323355056,15,1219,"Bone Mineral Content of lumbar spine L2-L4, measured in grams; represents total amount of mineral in the bone region"
Male,male,1,bone_density,Bone Density,spine_l3_bmd,0.1964011646407879,0.179244228471102,0.0171569361696859,3.269474407031322e-11,0.001007080078125,0.0063603494019634,15,1290,Bone Mineral Density of vertebra L3 measured in grams per cubic centimeter by DXA; measures bone quality at individual vertebral level
Male,male,2,metabolites,Metabolites,0.64_336.9201m_z,0.0887689518092534,0.0326532346639827,0.0561157171452707,0.035888116781651,3.0517578125e-05,0.0003283323355056,15,853,
Male,male,2,metabolites,Metabolites,1.17_257.0782m_z,0.1301567545745504,0.0684128197436407,0.0617439348309096,0.0005213248560618,3.0517578125e-05,0.0003283323355056,15,853,
Male,male,2,metabolites,Metabolites,1.25_277.0862m_z,0.091300424742468,0.0679558782499661,0.0233445464925018,0.0202486689712505,0.000762939453125,0.0049498586943655,15,853,
Male,male,2,metabolites,Metabolites,1.40_190.0512m_z,0.1009537011019752,0.0744248972641693,0.0265288038378059,0.0065794845179677,3.0517578125e-05,0.0003283323355056,15,853,
Male,male,2,metabolites,Metabolites,1.45_526.2055m_z,0.116713621302146,0.1066518104902358,0.0100618108119102,0.0011097177876617,0.002685546875,0.0152109943369709,15,853,
Male,male,2,metabolites,Metabolites,1.63_188.0355m_z,0.0793301056457195,0.0304361309410979,0.0488939747046216,0.0432091255846416,3.0517578125e-05,0.0003283323355056,15,853,
Male,male,2,metabolites,Metabolites,1.75_362.0413m_z,0.080039822141159,0.0646510955589194,0.0153887265822396,0.0433095465251617,0.012786865234375,0.064415714039522,15,853,
Male,male,2,metabolites,Metabolites,1.93_216.9820m_z,0.1230597256092042,0.0175559102369422,0.1055038153722619,0.0031119479843009,3.0517578125e-05,0.0003283323355056,15,853,
Male,male,2,metabolites,Metabolites,1.96_212.0707m_z,0.0754537736617696,0.0144075041015092,0.0610462695602603,0.044819028733243,3.0517578125e-05,0.0003283323355056,15,853,Metabolite biomarker
Male,male,2,metabolites,Metabolites,1.98_650.7602m_z,0.1190964581738107,-0.036308595838796,0.1554050540126067,0.0030392785860358,3.0517578125e-05,0.0003283323355056,15,853,
Male,male,2,metabolites,Metabolites,2.05_209.0458m_z,0.1113878613704116,0.0281262306924232,0.0832616306779883,0.0077008671161117,3.0517578125e-05,0.0003283323355056,15,853,
Male,male,2,metabolites,Metabolites,2.05_279.0987m_z,0.0886677446920333,0.058856935726032,0.0298108089660012,0.0243735046621134,0.00042724609375,0.0029365453827247,15,853,
Male,male,2,metabolites,Metabolites,2.07_729.4181m_z,0.0863010616640671,-0.029501623278809,0.1158026849428761,0.0289671190557054,3.0517578125e-05,0.0003283323355056,15,853,
Male,male,2,metabolites,Metabolites,2.14_632.3656m_z,0.0969639279445032,-0.0365171492948296,0.1334810772393328,0.0212921257522555,3.0517578125e-05,0.0003283323355056,15,853,
Male,male,2,metabolites,Metabolites,2.15_280.9933m_z,0.0794397020524015,0.0663226201784783,0.0131170818739231,0.0405797819219652,0.009033203125,0.0468282999773002,15,853,
Male,male,2,metabolites,Metabolites,2.19_319.0492m_z,0.0872884882768873,-0.0072003729503902,0.0944888612272776,0.0245074781995195,3.0517578125e-05,0.0003283323355056,15,853,
Male,male,2,metabolites,Metabolites,2.19_828.3298n,0.0866938493001062,0.0660350325304267,0.0206588167696794,0.0287355743667701,0.010772705078125,0.0550462090030205,15,853,
Male,male,2,metabolites,Metabolites,2.30_187.2785m_z,0.1243498562177671,0.0556723237315731,0.0686775324861939,0.0036707909544157,3.0517578125e-05,0.0003283323355056,15,853,
Male,male,2,metabolites,Metabolites,2.40_250.9024m_z,0.1511609202653092,0.0174597778762911,0.133701142389018,0.0002238137023734,3.0517578125e-05,0.0003283323355056,15,853,
Male,male,2,metabolites,Metabolites,2.40_252.9003m_z,0.1563487038603978,0.0133455334612463,0.1430031703991514,5.389442998436896e-05,3.0517578125e-05,0.0003283323355056,15,853,Metabolite biomarker
Male,male,2,metabolites,Metabolites,2.53_401.2006m_z,0.1666772579455428,0.0480483761670876,0.1186288817784552,1.664563548860445e-05,3.0517578125e-05,0.0003283323355056,15,853,
Male,male,2,metabolites,Metabolites,2.56_393.0653m_z,0.1043170893212467,0.0566604665829016,0.0476566227383451,0.004432396067621,3.0517578125e-05,0.0003283323355056,15,853,Metabolite biomarker
Male,male,2,metabolites,Metabolites,2.63_329.0695m_z,0.0849755950879464,0.0378372763220123,0.0471383187659341,0.0322961138042662,6.103515625e-05,0.0005502158717105,15,853,
Male,male,2,metabolites,Metabolites,2.66_437.0916m_z,0.0777757464872049,0.0635554723430704,0.0142202741441344,0.043438196012397,0.017669677734375,0.0868674627538389,15,853,
Male,male,2,metabolites,Metabolites,2.68_539.3581m_z,0.1184633413666313,0.0608854534603528,0.0575778879062784,0.0085097719767226,6.103515625e-05,0.0005502158717105,15,853,
Male,male,2,metabolites,Metabolites,2.74_145.0871m_z,0.0991245443992781,0.0379121657683922,0.0612123786308859,0.0125955058402372,3.0517578125e-05,0.0003283323355056,15,853,
Male,male,2,metabolites,Metabolites,2.76_409.2231m_z,0.0964614946205838,-0.0151772684319608,0.1116387630525447,0.0194749184600345,3.0517578125e-05,0.0003283323355056,15,853,
Male,male,2,metabolites,Metabolites,2.78_401.2006m_z,0.1191129420222179,0.091956777538452,0.0271561644837658,0.0057763424509728,0.001007080078125,0.0063603494019634,15,853,Metabolite biomarker
Male,male,2,metabolites,Metabolites,2.80_443.1746m_z,0.1414890882576029,0.1065399596192759,0.034949128638327,0.0001056351924572,3.0517578125e-05,0.0003283323355056,15,853,
Male,male,2,metabolites,Metabolites,2.83_409.2234m_z,0.0841749223572646,-0.0129367680685606,0.0971116904258253,0.0291896082136398,3.0517578125e-05,0.0003283323355056,15,853,
Male,male,2,metabolites,Metabolites,2.83_583.2558m_z,0.0809804472403906,0.0495706474448915,0.031409799795499,0.0321183757782312,6.103515625e-05,0.0005502158717105,15,853,
Male,male,2,metabolites,Metabolites,2.86_412.2104m_z,0.0968529077214394,-0.0031918936014484,0.1000448013228878,0.0178061212456147,3.0517578125e-05,0.0003283323355056,15,853,
Male,male,2,metabolites,Metabolites,2.88_599.1073m_z,0.1465319291248125,0.0182267947502559,0.1283051343745565,0.0002685033126505,3.0517578125e-05,0.0003283323355056,15,853,
Male,male,2,metabolites,Metabolites,2.90_283.1171m_z,0.0836165739793505,0.0147519211534174,0.068864652825933,0.0470765814895758,3.0517578125e-05,0.0003283323355056,15,853,
Male,male,2,metabolites,Metabolites,2.90_497.2747m_z,0.0950939228668022,0.0740068183018366,0.0210871045649656,0.0124813367963405,9.1552734375e-05,0.0007732323640902,15,853,
Male,male,2,metabolites,Metabolites,2.96_401.2001m_z,0.1201560046773849,0.0827107096973828,0.0374452949800021,0.0044490493209775,0.001312255859375,0.0080158054063391,15,853,
Male,male,2,metabolites,Metabolites,2.99_826.4354n,0.0942048010281935,-0.0006523372946098,0.0948571383228034,0.0131688775354402,3.0517578125e-05,0.0003283323355056,15,853,
Male,male,2,metabolites,Metabolites,3.04_301.1803m_z,0.0816907740004756,0.0360375693103966,0.0456532046900789,0.0426872014776741,0.000152587890625,0.0011879660866477,15,853,
Male,male,2,metabolites,Metabolites,3.04_479.1376m_z,0.1046985496877978,0.0377659059986292,0.0669326436891685,0.0056540771225831,3.0517578125e-05,0.0003283323355056,15,853,
Male,male,2,metabolites,Metabolites,3.07_249.1133m_z,0.0756038795797666,0.0385648118415523,0.0370390677382143,0.047309213626052,3.0517578125e-05,0.0003283323355056,15,853,
Male,male,2,metabolites,Metabolites,3.10_690.3280n,0.1512304527674254,0.1181996566759859,0.0330307960914394,8.687636271529153e-05,0.00030517578125,0.0021635143962127,15,853,
Male,male,2,metabolites,Metabolites,3.11_220.0980m_z,0.0786970539259963,0.045056475432388,0.0336405784936083,0.0318387526579102,0.000213623046875,0.0015717077091387,15,853,
Male,male,2,metabolites,Metabolites,3.11_611.3429m_z,0.0921936495341485,-0.044050358680855,0.1362440082150036,0.0215389979144723,3.0517578125e-05,0.0003283323355056,15,853,
Male,male,2,metabolites,Metabolites,3.13_411.2388m_z,0.0902206881934941,0.0750111992010316,0.0152094889924625,0.0241292826120331,0.010772705078125,0.0550462090030205,15,853,
Male,male,2,metabolites,Metabolites,3.19_409.2234m_z,0.1009917795629436,0.0353525972941698,0.0656391822687738,0.0107722179116909,3.0517578125e-05,0.0003283323355056,15,853,
Male,male,2,metabolites,Metabolites,3.24_690.3281n,0.1465823971168543,0.1131687654716726,0.0334136316451816,0.0001617536974532,0.00030517578125,0.0021635143962127,15,853,
Male,male,2,metabolites,Metabolites,3.25_411.2393m_z,0.0815167033009065,0.0753418903471696,0.0061748129537368,0.025499332280184,0.0206298828125,0.0999289119944853,15,853,
Male,male,2,metabolites,Metabolites,3.25_611.3424m_z,0.0849936347437462,-0.0248718339761981,0.1098654687199444,0.0288781111649305,3.0517578125e-05,0.0003283323355056,15,853,
Male,male,2,metabolites,Metabolites,3.33_409.2234m_z,0.1124006054355544,0.0700942903137603,0.042306315121794,0.0019084055324195,6.103515625e-05,0.0005502158717105,15,853,
Male,male,2,metabolites,Metabolites,3.38_627.3743m_z,0.1372714501415917,0.110801258679486,0.0264701914621056,0.0005633620444494,9.1552734375e-05,0.0007732323640902,15,853,
Male,male,2,metabolites,Metabolites,3.50_627.3748m_z,0.1430102175295332,0.1183971582052448,0.0246130593242883,0.0001892727682545,0.000213623046875,0.0015717077091387,15,853,
Male,male,2,metabolites,Metabolites,3.54_457.1538m_z,0.0907630621600411,0.0213311279233623,0.0694319342366787,0.0280141161845299,3.0517578125e-05,0.0003283323355056,15,853,
Male,male,2,metabolites,Metabolites,3.56_519.3153m_z,0.1045051721091014,-0.0004000647958013,0.1049052369049028,0.0097619306510748,3.0517578125e-05,0.0003283323355056,15,853,
Male,male,2,metabolites,Metabolites,3.68_273.1458m_z,0.1678930262083499,0.1141964721624044,0.0536965540459454,0.0001208414974123,6.103515625e-05,0.0005502158717105,15,853,
Male,male,2,metabolites,Metabolites,3.74_350.1736m_z,0.101271450089349,0.0211007857729598,0.0801706643163892,0.0166551118151936,3.0517578125e-05,0.0003283323355056,15,853,
Male,male,2,metabolites,Metabolites,3.86_255.8591m_z,0.0842461102234119,0.0679721897853303,0.0162739204380816,0.0383381596148094,0.004180908203125,0.0229815775683969,15,853,
Male,male,2,metabolites,Metabolites,3.87_275.0418m_z,0.1073071720793809,0.0001655851342291,0.1071415869451518,0.0037560958158279,3.0517578125e-05,0.0003283323355056,15,853,
Male,male,2,metabolites,Metabolites,3.88_350.1742m_z,0.0996284297669362,0.0199719168236333,0.0796565129433028,0.0124817225925406,3.0517578125e-05,0.0003283323355056,15,853,
Male,male,2,metabolites,Metabolites,3.91_385.2059m_z,0.0875871734963712,0.0322491505963542,0.0553380229000169,0.0235471007084974,3.0517578125e-05,0.0003283323355056,15,853,
Male,male,2,metabolites,Metabolites,3.95_407.2812m_z,0.0943814419322484,0.0275441725517809,0.0668372693804674,0.0140601036003817,3.0517578125e-05,0.0003283323355056,15,853,
Male,male,2,metabolites,Metabolites,3.95_407.3749m_z,0.0855552069681975,0.0272889071090814,0.058266299859116,0.0267965345020699,3.0517578125e-05,0.0003283323355056,15,853,
Male,male,2,metabolites,Metabolites,3.95_409.2867m_z,0.0955243778509609,0.0286095723666164,0.0669148054843445,0.0248370943171417,3.0517578125e-05,0.0003283323355056,15,853,
Male,male,2,metabolites,Metabolites,3.95_475.2673m_z,0.1086571733064854,0.0379302389629861,0.0707269343434992,0.0055965896173802,3.0517578125e-05,0.0003283323355056,15,853,
Male,male,2,metabolites,Metabolites,4-Vinylphenol sulfate,0.0854761551760405,0.0578699331277071,0.0276062220483334,0.0460992764331577,0.000579833984375,0.0038855228812108,15,853,Annotated metabolite (original: 2.59_199.0077m_z)
Male,male,2,metabolites,Metabolites,4.11_658.3383n,0.1582999444116453,0.0966830977950372,0.0616168466166081,2.717918555613952e-05,3.0517578125e-05,0.0003283323355056,15,853,
Male,male,2,metabolites,Metabolites,4.13_426.2647m_z,0.0890021624072593,0.0257235849286849,0.0632785774785743,0.0176544027195529,3.0517578125e-05,0.0003283323355056,15,853,
Male,male,2,metabolites,Metabolites,4.20_256.9821m_z,0.2343956885589535,0.0337186722028687,0.2006770163560848,2.2422100263057519e-10,3.0517578125e-05,0.0003283323355056,15,853,
Male,male,2,metabolites,Metabolites,4.20_258.9801m_z,0.2205532217064626,0.0302252082174632,0.1903280134889994,3.456081719332934e-09,3.0517578125e-05,0.0003283323355056,15,853,Metabolite biomarker
Male,male,2,metabolites,Metabolites,4.33_295.1911m_z,0.0864611042742581,0.0632451474508717,0.0232159568233863,0.0368254541074737,0.002685546875,0.0152109943369709,15,853,Metabolite biomarker
Male,male,2,metabolites,Metabolites,4.34_426.2652m_z,0.0789078062796781,0.02452325669434,0.0543845495853381,0.0370848108776437,3.0517578125e-05,0.0003283323355056,15,853,
Male,male,2,metabolites,Metabolites,4.69_562.3154m_z,0.0750477605775773,-0.0003345941545092,0.0753823547320865,0.042583751517586,3.0517578125e-05,0.0003283323355056,15,853,
Male,male,2,metabolites,Metabolites,4.71_552.3305m_z,0.091274563262516,-0.0279202761073944,0.1191948393699104,0.0174896891010895,3.0517578125e-05,0.0003283323355056,15,853,
Male,male,2,metabolites,Metabolites,4.72_307.1550m_z,0.1380807957898231,-0.0210651495957102,0.1591459453855333,0.0001248599051058,3.0517578125e-05,0.0003283323355056,15,853,
Male,male,2,metabolites,Metabolites,4.75_562.3154m_z,0.0781909162725125,0.0041540769365392,0.0740368393359733,0.0364827305740281,3.0517578125e-05,0.0003283323355056,15,853,
Male,male,2,metabolites,Metabolites,4.82_538.3155m_z,0.0837441063213554,-0.0263475856007238,0.1100916919220792,0.0415704345247727,3.0517578125e-05,0.0003283323355056,15,853,
Male,male,2,metabolites,Metabolites,4.82_552.3308m_z,0.0872524445377634,-0.0063330207727535,0.0935854653105169,0.0188348252856571,3.0517578125e-05,0.0003283323355056,15,853,
Male,male,2,metabolites,Metabolites,4.85_526.2843m_z,0.1064712162485515,0.0783744496264416,0.0280967666221099,0.004566501715197,6.103515625e-05,0.0005502158717105,15,853,
Male,male,2,metabolites,Metabolites,4.87_612.3309m_z,0.0948678479144477,-0.0264444801246795,0.1213123280391272,0.009258909508727,3.0517578125e-05,0.0003283323355056,15,853,
Male,male,2,metabolites,Metabolites,4.87_612.4463m_z,0.1320634317615049,-0.0246589284260947,0.1567223601875997,0.0008690944110332,3.0517578125e-05,0.0003283323355056,15,853,
Male,male,2,metabolites,Metabolites,4.87_626.3464m_z,0.1309917077952611,-0.033916236855628,0.1649079446508892,0.001902377380057,3.0517578125e-05,0.0003283323355056,15,853,
Male,male,2,metabolites,Metabolites,4.90_528.3091m_z,0.1083369160390991,0.0458052539821181,0.0625316620569809,0.0030749922712931,3.0517578125e-05,0.0003283323355056,15,853,
Male,male,2,metabolites,Metabolites,4.90_602.3465m_z,0.0918397669481064,0.0377467916645777,0.0540929752835287,0.0168309210896723,3.0517578125e-05,0.0003283323355056,15,853,
Male,male,2,metabolites,Metabolites,4.91_588.3307m_z,0.0862624012612477,0.0369462335389608,0.0493161677222868,0.0237489441270134,3.0517578125e-05,0.0003283323355056,15,853,
Male,male,2,metabolites,Metabolites,4.93_526.2848m_z,0.1188929599117344,0.0859449101194955,0.0329480497922389,0.0034899725411953,0.000213623046875,0.0015717077091387,15,853,Metabolite biomarker
Male,male,2,metabolites,Metabolites,4.95_552.3097m_z,0.0738725537174393,0.0096815715501202,0.0641909821673191,0.0460952901262708,3.0517578125e-05,0.0003283323355056,15,853,
Male,male,2,metabolites,Metabolites,4.95_612.4456m_z,0.1324106733393653,-0.0184958915907369,0.1509065649301022,0.0008557636723334,3.0517578125e-05,0.0003283323355056,15,853,
Male,male,2,metabolites,Metabolites,4.95_626.3464m_z,0.1261980121702842,-0.0233092203184365,0.1495072324887207,0.0024288648047669,3.0517578125e-05,0.0003283323355056,15,853,
Male,male,2,metabolites,Metabolites,4.98_528.3099m_z,0.1159778700457865,0.0475583385225645,0.068419531523222,0.0016450341579441,3.0517578125e-05,0.0003283323355056,15,853,
Male,male,2,metabolites,Metabolites,4.98_588.3307m_z,0.091899645152325,0.0380876675930016,0.0538119775593234,0.0112678958198534,3.0517578125e-05,0.0003283323355056,15,853,
Male,male,2,metabolites,Metabolites,5.11_590.3465m_z,0.0913890808534605,-0.0317107264691998,0.1230998073226604,0.0193503125607612,3.0517578125e-05,0.0003283323355056,15,853,
Male,male,2,metabolites,Metabolites,5.11_604.3618m_z,0.1266896136541137,-0.0533262369822878,0.1800158506364016,0.0008886922678257,3.0517578125e-05,0.0003283323355056,15,853,
Male,male,2,metabolites,Metabolites,5.21_590.3467m_z,0.0952984040295431,-0.0151965845943466,0.1104949886238898,0.0122193209553435,3.0517578125e-05,0.0003283323355056,15,853,
Male,male,2,metabolites,Metabolites,5.21_604.3621m_z,0.1142567352516401,-0.0461685391864168,0.160425274438057,0.002223036402141,3.0517578125e-05,0.0003283323355056,15,853,
Male,male,2,metabolites,Metabolites,5.37_291.1602m_z,0.2627569609194415,-0.0277282717975776,0.2904852327170192,8.71921984577221e-14,3.0517578125e-05,0.0003283323355056,15,853,
Male,male,2,metabolites,Metabolites,5.78_391.2859m_z,0.1233643319584144,0.0210214576681188,0.1023428742902956,0.0026990477762559,3.0517578125e-05,0.0003283323355056,15,853,
Male,male,2,metabolites,Metabolites,5.88_391.2860m_z,0.1195627924330719,0.0131906159587792,0.1063721764742927,0.0030442461944751,3.0517578125e-05,0.0003283323355056,15,853,
Male,male,2,metabolites,Metabolites,5.95_391.2859m_z,0.1217932618308848,0.0160806046596651,0.1057126571712196,0.0021257739493586,3.0517578125e-05,0.0003283323355056,15,853,
Male,male,2,metabolites,Metabolites,Fibrinopeptide A (5-16)_,0.0952253946095456,-0.0394787300830168,0.1347041246925625,0.0101035917795744,3.0517578125e-05,0.0003283323355056,15,853,Annotated metabolite (original: 1.99_601.7771m_z)
Male,male,2,metabolites,Metabolites,Fibrinopeptide B (1-12),0.1059894523009127,0.0260079003272867,0.0799815519736259,0.0067112235244631,3.0517578125e-05,0.0003283323355056,15,853,Annotated metabolite (original: 2.34_661.2535m_z)
Male,male,2,metabolites,Metabolites,Indoleacrylic acid,0.0916057374165713,0.0664006270819412,0.02520511033463,0.0150429876305943,0.000152587890625,0.0011879660866477,15,853,Annotated metabolite (original: 1.80_186.0563m_z)
Male,male,2,metabolites,Metabolites,Isopropyl 4-hydroxybenzoate_propyl 4-hydroxybenzoate,0.1308054506592512,0.023846027018078,0.1069594236411731,0.0006213262808208,3.0517578125e-05,0.0003283323355056,15,853,Annotated metabolite (original: 3.64_179.0728m_z)
Male,male,2,metabolites,Metabolites,LysoPE(0_0_22_6(4Z 7Z 10Z 13Z 16Z 19Z))_LysoPE(22_6(4Z 7Z 10Z 13Z 16Z 19Z)_0_0),0.1093026935585015,0.0725146377265408,0.0367880558319607,0.0098333422357446,9.1552734375e-05,0.0007732323640902,15,853,Annotated metabolite (original: 4.85_524.2785m_z)
Male,male,2,metabolites,Metabolites,LysoPE(0_0_22_6(4Z 7Z 10Z 13Z 16Z 19Z))_LysoPE(22_6(4Z 7Z 10Z 13Z 16Z 19Z)_0_0).1,0.0945228769750182,0.065341490141105,0.0291813868339131,0.0182689552374055,0.000152587890625,0.0011879660866477,15,853,Annotated metabolite (original: 4.93_524.2790m_z)
Male,male,2,metabolites,Metabolites,O-Cresol sulfate_p-Cresol sulfate,0.1271795198595732,0.05685802198518,0.0703214978743931,0.0013167522032309,3.0517578125e-05,0.0003283323355056,15,853,Annotated metabolite (original: 2.30_187.0092m_z)
Male,male,2,metabolites,Metabolites,PC(2_0_20_3(6 8 11)-OH(5)),0.0927707876872149,0.0398723114444706,0.0528984762427442,0.0147660607720793,3.0517578125e-05,0.0003283323355056,15,853,Annotated metabolite (original: 4.98_602.3464m_z)
Male,male,2,metabolites,Metabolites,Tetrahydroaldosterone-3-glucuronide,0.1298608116147319,0.0337235299757054,0.0961372816390265,0.0005135624905397,3.0517578125e-05,0.0003283323355056,15,853,Annotated metabolite (original: 2.68_539.2502m_z)
Male,male,2,metabolites,Metabolites,indolelactate_	3-Indolehydracrylic acid,0.1003763466634579,0.0733086496462369,0.027067697017221,0.0076572456610453,0.000213623046875,0.0015717077091387,15,853,Annotated metabolite (original: 2.36_204.0670m_z)
Male,male,2,metabolites,Metabolites,xanthurenate,0.1532572919562325,0.0356425571644563,0.1176147347917762,7.142449084060625e-05,3.0517578125e-05,0.0003283323355056,15,853,Annotated metabolite (original: 1.49_204.0304m_z)
Male,male,3,glycemic_status,Glycemic,iglu_adrr,0.0982493421522539,0.0342793572723905,0.0639699848798633,0.007057648375185,3.0517578125e-05,0.0003283323355056,15,1036,Average Daily Risk Range (ADRR) - a metric quantifying glucose variability and risk by measuring the range of glucose excursions and their frequency from continuous glucose monitoring
Male,male,4,cardiovascular_system,Cardiovascular,automorph_distance_tortuosity,0.0746697585247102,0.0547436324526583,0.0199261260720519,0.0340980398581337,0.001678466796875,0.009954563468447,15,1072,"Measures the distance-based tortuosity of the complete retinal vascular network, quantifying overall vessel path deviation from straight lines."
Male,male,4,cardiovascular_system,Cardiovascular,automorph_fractal_dimension,0.3079822259693955,0.2324163859481291,0.0755658400212663,2.75779083756507e-23,3.0517578125e-05,0.0003283323355056,15,1072,"Measures the fractal complexity of the entire retinal vascular network, with values typically between 1-2 representing self-similar branching patterns and overall vascular complexity."
Male,male,4,cardiovascular_system,Cardiovascular,automorph_vein_average_width,0.0987168498248759,0.0408059265153032,0.0579109233095727,0.0058068274625296,3.0517578125e-05,0.0003283323355056,15,1072,"Measures the mean caliber/diameter of retinal veins in pixels (microns), representing average venous vessel width throughout the retinal vascular network."
Male,male,4,cardiovascular_system,Cardiovascular,automorph_vein_fractal_dimension,0.2687989193821768,0.1752249292089388,0.0935739901732379,5.621381116619559e-17,3.0517578125e-05,0.0003283323355056,15,1072,"Fractal dimension of retinal veins from image analysis, measuring the complexity and branching pattern of venous vasculature"
Male,male,4,cardiovascular_system,Cardiovascular,hr_bpm,0.3040496007337196,0.2778303821479939,0.0262192185857257,6.0849245046191e-26,6.103515625e-05,0.0005502158717105,15,1347,Heart rate measured in beats per minute
Male,male,4,cardiovascular_system,Cardiovascular,p_mv_III,0.1243264754802826,0.0435098674684823,0.0808166080118002,5.060597498309086e-05,3.0517578125e-05,0.0003283323355056,15,1257,"Cardiac electrical potential (voltage) measured in lead III from electrocardiogram (ECG), representing left leg-to-right arm vector"
Male,male,4,cardiovascular_system,Cardiovascular,p_mv_aVF,0.1324620725152325,0.0387255415129838,0.0937365310022487,0.0001378096865127,3.0517578125e-05,0.0003283323355056,15,1287,P wave amplitude in augmented lead aVF from ECG - measures atrial depolarization in the inferior lead
Male,male,4,cardiovascular_system,Cardiovascular,p_mv_aVL,0.1418269118731846,0.0634565257323404,0.0783703861408442,4.1122008171934494e-05,3.0517578125e-05,0.0003283323355056,15,979,"Cardiac electrical potential (voltage) measured in lead aVL from electrocardiogram (ECG), representing left arm augmented vector recording"
Male,male,4,cardiovascular_system,Cardiovascular,r_mv_I,0.3726710818194197,0.3422848123652213,0.0303862694541984,3.0302710437259613e-43,3.0517578125e-05,0.0003283323355056,15,1347,R-wave voltage (in millivolts) measured from electrocardiogram lead I. ECG parameter reflecting left ventricular electrical activity.
Male,male,4,cardiovascular_system,Cardiovascular,r_mv_aVL,0.4128994523240778,0.3652686481364594,0.0476308041876183,2.75102967428907e-53,3.0517578125e-05,0.0003283323355056,15,1308,R wave amplitude in millivolts in lead aVL from electrocardiogram (ECG). Reflects left ventricular electrical activity and mass from the left shoulder perspective.
Male,male,4,cardiovascular_system,Cardiovascular,r_r_ms,0.2986804869087704,0.2903848644337868,0.0082956224749836,4.734716618106496e-27,0.004180908203125,0.0229815775683969,15,1347,"R-R interval in milliseconds from electrocardiogram (ECG), representing the time between consecutive R waves. This interval reflects the cardiac cycle duration and heart rate variability."
Male,male,4,cardiovascular_system,Cardiovascular,s_mv_aVL,0.1143292594820298,0.0937884509435295,0.0205408085385003,0.0045975144723361,0.001312255859375,0.0080158054063391,15,757,S wave amplitude in augmented lead aVL (electrocardiogram measurement)
Male,male,4,cardiovascular_system,Cardiovascular,sitting_blood_pressure_pulse_rate,0.2912979313651628,0.2805811786019314,0.0107167527632314,9.544298885524481e-24,0.01507568359375,0.0747153670699508,15,1347,Heart rate (pulse) in beats per minute measured while patient is in sitting position
Male,male,4,cardiovascular_system,Cardiovascular,st_mv_V2,0.0805953820290413,0.0304036492680737,0.0501917327609676,0.0181867308711278,3.0517578125e-05,0.0003283323355056,15,1347,"ST segment amplitude in ECG lead V2 (millimeters or standardized units); represents ventricular repolarization interval in the right precordial region, indicator of ischemia or injury"
Male,male,4,cardiovascular_system,Cardiovascular,st_mv_V3,0.0672109252144415,0.0197342855074191,0.0474766397070224,0.0382639595234761,3.0517578125e-05,0.0003283323355056,15,1347,"ST segment amplitude in the V3 lead (precordial lead) measured in millivolts. Represents the voltage level of the ST segment, used to assess for myocardial ischemia or infarction patterns."
Male,male,4,cardiovascular_system,Cardiovascular,t_mv_III,0.35407358499976,0.3382379199594043,0.0158356650403557,3.7684233199530886e-35,0.000213623046875,0.0015717077091387,15,1231,T wave amplitude in lead III (electrocardiogram measurement)
Male,male,5,lifestyle,Lifestyle,hours_computer_not_work,0.0783110444223829,0.0285830859496814,0.0497279584727014,0.0177301994098779,3.0517578125e-05,0.0003283323355056,15,1144,"Hours spent using computers for non-work purposes per week, measuring sedentary recreational screen time"
Male,male,5,lifestyle,Lifestyle,work_hours_per_day,0.2399896170124758,0.1985343410721031,0.0414552759403726,1.652879943563482e-13,3.0517578125e-05,0.0003283323355056,15,1045,"Average daily hours spent working, measuring occupational time commitment on a daily basis"
Male,male,6,immune_system,Immune,bt__eosinophils_abs,0.0926907961355267,0.0555027720098228,0.0371880241257039,0.0015329755443922,3.0517578125e-05,0.0003283323355056,15,1344,"Absolute count of eosinophils in blood (typically measured in thousands per microliter, K/µL). Represents total eosinophil concentration."
Male,male,7,microbiome,Microbiome,Rep_1120,0.0665165433444445,0.0582015347177711,0.0083150086266734,0.0205140638564793,0.000579833984375,0.0038855228812108,15,1316,Microbiome species prevalence
Male,male,7,microbiome,Microbiome,Rep_1953,0.0679924325265469,0.0574151014914804,0.0105773310350664,0.0284517510833834,0.007537841796875,0.0397011544578336,15,1316,Microbiome species prevalence
Male,male,7,microbiome,Microbiome,Rep_2232,0.0730713290820976,0.0062092595328392,0.0668620695492584,0.0207503580196531,3.0517578125e-05,0.0003283323355056,15,1316,Microbiome species prevalence
Male,male,7,microbiome,Microbiome,Rep_2240,0.0740734819027821,0.0241519760890096,0.0499215058137724,0.0110999110852377,3.0517578125e-05,0.0003283323355056,15,1316,Microbiome species prevalence
Male,male,7,microbiome,Microbiome,Rep_2241,0.0665594048541103,0.0143043188897744,0.0522550859643358,0.0320999320376936,3.0517578125e-05,0.0003283323355056,15,1316,Microbiome species prevalence
Male,male,7,microbiome,Microbiome,Rep_226,0.0710770474586886,0.0126769133582971,0.0584001341003915,0.0192103785940642,3.0517578125e-05,0.0003283323355056,15,1316,Microbiome species prevalence
Male,male,7,microbiome,Microbiome,Rep_2289,0.0712769763033752,0.0574183348270965,0.0138586414762787,0.0245804436464037,0.004180908203125,0.0229815775683969,15,1316,Microbiome species prevalence
Male,male,7,microbiome,Microbiome,Rep_2351,0.0967636813488048,0.0907394959825487,0.0060241853662561,0.0023566645626791,0.004180908203125,0.0229815775683969,15,1316,Microbiome species prevalence
Male,male,7,microbiome,Microbiome,Rep_2561,0.0714640684391764,0.0505307622833451,0.0209333061558312,0.0286028256773287,0.000762939453125,0.0049498586943655,15,1316,Microbiome species prevalence
Male,male,7,microbiome,Microbiome,Rep_2624,0.0673368143295432,0.0529660447568127,0.0143707695727304,0.0322522224808165,0.01507568359375,0.0747153670699508,15,1316,Microbiome species prevalence
Male,male,7,microbiome,Microbiome,Rep_2948,0.059086716304492,-0.0018303831072206,0.0609170994117127,0.0476138339843261,3.0517578125e-05,0.0003283323355056,15,1316,Microbiome species prevalence
Male,male,7,microbiome,Microbiome,Rep_3103,0.0619557882548438,0.0234073211182018,0.0385484671366419,0.0436023503859177,3.0517578125e-05,0.0003283323355056,15,1316,Microbiome species prevalence
Male,male,7,microbiome,Microbiome,Rep_3160,0.0704280880309124,-0.0148731696150866,0.085301257645999,0.0214929223547564,3.0517578125e-05,0.0003283323355056,15,1316,Microbiome species prevalence
Male,male,7,microbiome,Microbiome,Rep_3397,0.0738853494336128,0.0623402423060992,0.0115451071275136,0.0144469754396693,0.012786865234375,0.064415714039522,15,1316,Microbiome species prevalence
Male,male,8,nightingale,Nightingale,Acetone,0.1756328744621148,0.0293824192074898,0.146250455254625,0.004945175917438,3.0517578125e-05,0.0003283323355056,15,659,"Blood acetone concentration, a volatile ketone body produced during ketone metabolism and lipid breakdown. Often elevated in ketosis or diabetic ketoacidosis."
Male,male,8,nightingale,Nightingale,HDL_size,0.4326519762176118,0.4222947295364619,0.0103572466811499,1.1021503699356694e-28,0.010772705078125,0.0550462090030205,15,658,HDL particle size; the average diameter or size classification of HDL particles in nanometers
Male,male,8,nightingale,Nightingale,L_VLDL_C,0.3653612455872347,0.3367492790658299,0.0286119665214047,1.1120652193841717e-19,9.1552734375e-05,0.0007732323640902,15,658,"VLDL cholesterol - measures the concentration of cholesterol within very low-density lipoprotein particles, which transport triglycerides and cholesterol"
Male,male,8,nightingale,Nightingale,L_VLDL_CE,0.3377640824017905,0.3128900489283277,0.0248740334734628,1.0782346748180528e-16,0.001678466796875,0.009954563468447,15,658,"VLDL cholesterol ester - measures the concentration of cholesteryl ester, the storage form of cholesterol, within VLDL particles"
Male,male,8,nightingale,Nightingale,L_VLDL_FC,0.3878404008208974,0.3618137657069517,0.0260266351139457,5.409967652821143e-22,0.000152587890625,0.0011879660866477,15,658,VLDL free cholesterol - measures the concentration of unesterified cholesterol within very low-density lipoprotein particles
Male,male,8,nightingale,Nightingale,L_VLDL_L,0.3833586275571137,0.3666444971268474,0.0167141304302663,3.7750476237985615e-21,0.00335693359375,0.0187166531880696,15,658,Large VLDL particle size or concentration - measures the concentration or size characteristics of very low-density lipoprotein particles
Male,male,8,nightingale,Nightingale,L_VLDL_PL,0.3896788589892613,0.3654538453698652,0.024225013619396,2.435928114046649e-22,0.000152587890625,0.0011879660866477,15,658,Very Low-Density Lipoprotein phospholipid content - measures the phospholipid concentration within VLDL particles
Male,male,8,nightingale,Nightingale,M_VLDL_L,0.3054095858255448,0.277384469296391,0.0280251165291537,5.893727928471533e-14,0.000152587890625,0.0011879660866477,15,658,Lipid content in medium-density VLDL particles; total lipid proportion in VLDL subfraction
Male,male,8,nightingale,Nightingale,M_VLDL_PL,0.2404927521078216,0.2245955094459545,0.015897242661867,4.11276255914568e-08,0.0206298828125,0.0999289119944853,15,658,Phospholipid content in medium-density VLDL particles; proportion of phospholipids in VLDL subfraction
Male,male,8,nightingale,Nightingale,M_VLDL_TG,0.37981972451772,0.3626031653645952,0.0172165591531247,1.8469824564809532e-20,0.005126953125,0.0277542519358407,15,658,Triglyceride content in medium-density VLDL particles; triglyceride proportion in VLDL subfraction
Male,male,8,nightingale,Nightingale,S_HDL_C,0.1281502561751616,0.0788462112791271,0.0493040448960345,0.0024989649836469,3.0517578125e-05,0.0003283323355056,15,658,"Small HDL Cholesterol - cholesterol content in small high-density lipoprotein particles, a protective lipoprotein subfraction biomarker"
Male,male,8,nightingale,Nightingale,S_HDL_CE,0.1378220801639197,0.0846880123955189,0.0531340677684007,0.000728811880558,9.1552734375e-05,0.0007732323640902,15,658,"Small HDL Cholesteryl Ester - cholesteryl ester content in small HDL particles, a lipid composition biomarker"
Male,male,8,nightingale,Nightingale,S_VLDL_L,0.2977385977759931,0.2746668433828154,0.0230717543931777,2.609260379522491e-13,0.000213623046875,0.0015717077091387,15,658,"Lipid content in small VLDL particles, representing the proportion of total lipids in small VLDL subfractions"
Male,male,8,nightingale,Nightingale,Sphingomyelins,0.1017136416794303,0.0382852127083233,0.0634284289711069,0.0182089038983203,3.0517578125e-05,0.0003283323355056,15,658,"Concentration of sphingomyelins, a class of sphingolipids involved in cell membrane structure and signaling"
Male,male,8,nightingale,Nightingale,VLDL_C,0.2206718287125369,0.1996226106971643,0.0210492180153726,4.600162613916129e-07,0.001678466796875,0.009954563468447,15,658,"VLDL cholesterol - the concentration of total cholesterol content in very-low-density lipoprotein particles, measured in mmol/L"
Male,male,8,nightingale,Nightingale,VLDL_FC,0.2890255459128181,0.2637598323040464,0.0252657136087716,8.551216571818593e-12,0.001312255859375,0.0080158054063391,15,658,"VLDL free cholesterol - the concentration of unesterified cholesterol in VLDL particles, measured in mmol/L"
Male,male,8,nightingale,Nightingale,VLDL_L,0.3368422523848497,0.3207263816483008,0.0161158707365489,7.772507176625789e-17,0.001312255859375,0.0080158054063391,15,658,"VLDL lipids - the aggregate concentration of all lipids within VLDL particles, measured in mmol/L or g/L"
Male,male,8,nightingale,Nightingale,VLDL_PL,0.3047405147410725,0.2856731291105676,0.0190673856305049,2.7299390274107365e-13,0.002685546875,0.0152109943369709,15,658,"VLDL phospholipids - the concentration of phospholipid components within VLDL particles, measured in mmol/L"
Male,male,8,nightingale,Nightingale,XL_VLDL_C,0.3582475247043259,0.3309910808722597,0.0272564438320661,7.800018073311108e-19,9.1552734375e-05,0.0007732323640902,15,658,"Cholesterol content in extra-large very-low-density lipoprotein particles, measured in concentration units. VLDL carries triglycerides and cholesterol from the liver to peripheral tissues."
Male,male,8,nightingale,Nightingale,XL_VLDL_PL,0.3574998856843516,0.3424694138883956,0.0150304717959559,7.918936217474319e-19,0.004180908203125,0.0229815775683969,15,658,"Phospholipid content in extra-large VLDL particles, measured in concentration units. Phospholipids comprise the structural shell of VLDL particles."
Male,male,8,nightingale,Nightingale,XS_VLDL_P,0.0998099536198429,0.056013686590868,0.0437962670289749,0.0187922821699903,3.0517578125e-05,0.0003283323355056,15,658,Particle count or concentration of extra-small VLDL particles
Male,male,8,nightingale,Nightingale,XS_VLDL_PL,0.1016965337190553,0.0839054896461345,0.0177910440729208,0.0171413581759015,0.0206298828125,0.0999289119944853,15,658,"Phospholipid content in extra-small VLDL particles, measured as a percentage of total lipids in XS-VLDL"
Male,male,8,nightingale,Nightingale,XXL_VLDL_CE,0.3191806834145089,0.3063677436308366,0.0128129397836722,4.230002048697605e-16,0.001678466796875,0.009954563468447,15,658,"Cholesteryl ester content in extremely large VLDL particles, measured as a percentage of total lipids in XXL-VLDL"
Male,male,8,nightingale,Nightingale,XXL_VLDL_P,0.2984056030467993,0.2807540934702608,0.0176515095765384,5.958334858063951e-12,0.00213623046875,0.0124284495478091,15,658,Particle count or concentration of extremely large VLDL particles
Male,male,8,nightingale,Nightingale,bOHbutyrate,0.1870754470606733,-0.0200918509164507,0.2071672979771241,7.200909802732701e-05,3.0517578125e-05,0.0003283323355056,15,638,"Beta-hydroxybutyrate (bOHbutyrate) is a ketone body produced during ketone metabolism, commonly measured as a biomarker of ketosis, metabolic state, and energy metabolism. It reflects the level of ketones in the blood and is used clinically to assess fasting state, diabetes control, and metabolic disorders."
Male,male,9,blood_tests_lipids,Lipids,bt__non_hdl_cholesterol,0.1803615848175894,0.1592305992008967,0.0211309856166927,9.61845340177893e-07,0.001678466796875,0.009954563468447,15,963,"Non-HDL cholesterol blood concentration; measures total 'bad' cholesterol (LDL, VLDL, IDL) in mg/dL; indicator of cardiovascular risk"
Male,male,10,body_composition,Body Composition,body_comp_arms_diff_total_mass,0.2036969491368644,0.0367386067153003,0.1669583424215641,7.155858096502958e-11,3.0517578125e-05,0.0003283323355056,15,1329,Asymmetry measure representing difference in total mass between left and right arms in grams
Male,male,10,body_composition,Body Composition,body_comp_total_fat_mass,0.8979479074533994,0.8913106217178209,0.0066372857355784,0.0,3.0517578125e-05,0.0003283323355056,15,1329,"Total body fat mass across all regions (arms, legs, trunk, android and gynoid regions), measured in kilograms via DXA"
Male,male,10,body_composition,Body Composition,body_comp_total_left_fat_mass,0.8979147856401491,0.8911872559991614,0.0067275296409877,0.0,3.0517578125e-05,0.0003283323355056,15,1329,"Total adipose tissue mass in the left side of the body (left arm and left leg combined), measured in kilograms"
Male,male,10,body_composition,Body Composition,body_comp_total_right_fat_mass,0.8942233336627423,0.8882013321538603,0.0060220015088819,0.0,3.0517578125e-05,0.0003283323355056,15,1329,Total fat mass on the right side of body measured in kilograms via DXA scan
Male,male,10,body_composition,Body Composition,body_comp_total_tissue_mass,0.9866056370080508,0.9820535356032905,0.0045521014047602,0.0,3.0517578125e-05,0.0003283323355056,15,1329,"Total body tissue mass including all fat mass and fat-free mass (muscle, bone, organs) across entire body, measured in kilograms"
Male,male,10,body_composition,Body Composition,body_comp_total_total_mass,0.6181013462111165,0.5988881666104845,0.0192131796006319,2.34912112843513e-128,0.001678466796875,0.009954563468447,15,1329,"Total body mass measured in kilograms via DXA scan, representing sum of all tissues (fat, lean, bone)"
Male,male,10,body_composition,Body Composition,body_comp_trunk_fat_mass,0.92645336842857,0.9083967257572254,0.0180566426713446,0.0,3.0517578125e-05,0.0003283323355056,15,1329,"Mass of adipose tissue in the trunk region (chest, abdomen, lower back) measured in kilograms via dual-energy X-ray absorptiometry (DXA)"
Male,male,10,body_composition,Body Composition,body_comp_trunk_left_fat_mass,0.9252755817830772,0.9078019611585116,0.0174736206245657,0.0,3.0517578125e-05,0.0003283323355056,15,1329,Fat mass of the left trunk/torso measured via DXA
Male,male,10,body_composition,Body Composition,body_comp_trunk_right_fat_mass,0.9221500327853648,0.9030163840841,0.0191336487012645,0.0,3.0517578125e-05,0.0003283323355056,15,1329,Fat mass in the right trunk region measured in kilograms via DXA scan
Male,male,10,body_composition,Body Composition,total_scan_vat_area,0.7506609187476009,0.7448766660580187,0.0057842526895821,4.399257404179032e-237,3.0517578125e-05,0.0003283323355056,15,1328,"Visceral adipose tissue (VAT) area measured from DXA scan in square centimeters, representing the cross-sectional area of internal abdominal fat"
Male,male,10,body_composition,Body Composition,total_scan_vat_mass,0.8534584888179926,0.8198486245655019,0.0336098642524906,0.0,3.0517578125e-05,0.0003283323355056,15,1328,"Visceral adipose tissue (VAT) mass measured from DXA scan in grams, representing the total amount of internal abdominal fat"
Male,male,10,body_composition,Body Composition,total_scan_vat_volume,0.9953247151773504,0.9249904297833508,0.0703342853939996,0.0,3.0517578125e-05,0.0003283323355056,15,1328,"Visceral adipose tissue (VAT) volume measured from DXA scan in cubic centimeters, representing the three-dimensional volume of internal abdominal fat"
Male,male,11,high_level_diet_with_stage,High Level Diet,MedOilandfats,0.1266111146407534,0.1121018113568159,0.0145093032839375,0.0001090854963047,0.002685546875,0.0152109943369709,15,1310,"Proportion or percentage of diet composed of Mediterranean oils and fats (e.g., olive oil)"
Female,female,1,metabolites,Metabolites,1.43_712.2200m_z,0.0935786435216387,0.0345799421065798,0.0589987014150589,0.026412783614731,6.103515625e-05,0.0005706387315775,15,811,
Female,female,1,metabolites,Metabolites,1.53_289.0803m_z,0.1043251942143238,0.083319294828289,0.0210058993860348,0.0063425055171246,0.001312255859375,0.0082030358975821,15,811,Metabolite biomarker
Female,female,1,metabolites,Metabolites,1.71_269.0668m_z,0.0872802333240081,0.0383776813130605,0.0489025520109476,0.0279229049096061,3.0517578125e-05,0.0003359287134479,15,811,
Female,female,1,metabolites,Metabolites,1.81_519.2814m_z,0.112693679643411,0.0629939102812935,0.0496997693621175,0.0073782402302711,3.0517578125e-05,0.0003359287134479,15,811,
Female,female,1,metabolites,Metabolites,1.82_925.4506m_z,0.0928890963639848,0.0384347448369503,0.0544543515270344,0.0199479175898736,6.103515625e-05,0.0005706387315775,15,811,
Female,female,1,metabolites,Metabolites,1.88_1090.4203n,0.1133293043922471,0.0504468521332032,0.0628824522590438,0.0059013408450072,3.0517578125e-05,0.0003359287134479,15,811,
Female,female,1,metabolites,Metabolites,1.98_650.7602m_z,0.1980737498170648,0.0041152625836017,0.1939584872334631,3.529371766774799e-07,3.0517578125e-05,0.0003359287134479,15,811,
Female,female,1,metabolites,Metabolites,1.99_630.2870m_z,0.0914800455875866,0.0398889031093696,0.0515911424782169,0.0224137801070417,3.0517578125e-05,0.0003359287134479,15,811,Metabolite biomarker
Female,female,1,metabolites,Metabolites,1.99_684.7927m_z,0.0775820935213379,-0.0247083620993434,0.1022904556206814,0.0415001036719084,3.0517578125e-05,0.0003359287134479,15,811,
Female,female,1,metabolites,Metabolites,2.04_763.3268m_z,0.1060622984906784,0.0678831294442623,0.0381791690464161,0.0051135571196239,3.0517578125e-05,0.0003359287134479,15,811,
Female,female,1,metabolites,Metabolites,2.05_209.0458m_z,0.1038100264929053,0.0124019149668688,0.0914081115260364,0.0129277679164474,3.0517578125e-05,0.0003359287134479,15,811,
Female,female,1,metabolites,Metabolites,2.06_275.1038m_z,0.0819655966817228,0.0634667445821569,0.0184988520995659,0.0489356663657232,0.01507568359375,0.072696032824817,15,811,
Female,female,1,metabolites,Metabolites,2.07_729.4181m_z,0.1362713193255516,0.0292493853622848,0.1070219339632668,0.0005314163279796,3.0517578125e-05,0.0003359287134479,15,811,
Female,female,1,metabolites,Metabolites,2.14_632.3656m_z,0.186839329098725,0.0163649416785059,0.170474387420219,2.3794003630443813e-06,3.0517578125e-05,0.0003359287134479,15,811,
Female,female,1,metabolites,Metabolites,2.17_311.3919m_z,0.0963761870543537,0.060587323780731,0.0357888632736226,0.0242383849449553,6.103515625e-05,0.0005706387315775,15,811,
Female,female,1,metabolites,Metabolites,2.19_595.8661m_z,0.1344480622474697,0.0835575991922628,0.0508904630552068,0.0038525534004053,0.000152587890625,0.0012469109688096,15,811,Metabolite biomarker
Female,female,1,metabolites,Metabolites,2.21_1049.4676n,0.0984643142639578,0.0560188594661048,0.0424454547978529,0.0200483512318356,0.000152587890625,0.0012469109688096,15,811,
Female,female,1,metabolites,Metabolites,2.35_856.3247n,0.0911338881273047,0.0697043271294392,0.0214295609978654,0.0134363648978295,0.002685546875,0.0157097154627732,15,811,
Female,female,1,metabolites,Metabolites,2.38_255.1620m_z,0.0821667262275402,-0.0516370700493501,0.1338037962768904,0.0443375085445907,3.0517578125e-05,0.0003359287134479,15,811,
Female,female,1,metabolites,Metabolites,2.40_250.9024m_z,0.1533641280800186,0.0127799198387017,0.1405842082413168,7.344645894320312e-05,3.0517578125e-05,0.0003359287134479,15,811,
Female,female,1,metabolites,Metabolites,2.40_252.9003m_z,0.1573183864593449,0.0072690211004675,0.1500493653588774,4.505935508251839e-05,3.0517578125e-05,0.0003359287134479,15,811,Metabolite biomarker
Female,female,1,metabolites,Metabolites,2.48_619.5233m_z,0.0884535095361764,0.0670354324801913,0.0214180770559851,0.0232983684139235,0.009033203125,0.0460478283110119,15,811,
Female,female,1,metabolites,Metabolites,2.60_609.2518m_z,0.1240545812880606,0.1024780018982096,0.021576579389851,0.0030927937667766,0.002685546875,0.0157097154627732,15,811,
Female,female,1,metabolites,Metabolites,2.61_423.0759m_z,0.0906529115113239,0.0452928104913433,0.0453601010199805,0.0416279003126665,0.000213623046875,0.0016511441998533,15,811,
Female,female,1,metabolites,Metabolites,2.70_527.2857m_z,0.0873883297409814,0.032868932286028,0.0545193974549534,0.0445778631590084,6.103515625e-05,0.0005706387315775,15,811,
Female,female,1,metabolites,Metabolites,2.76_409.2231m_z,0.1027909799658604,0.0159174531483194,0.086873526817541,0.0082196515855053,3.0517578125e-05,0.0003359287134479,15,811,
Female,female,1,metabolites,Metabolites,2.78_525.2705m_z,0.1063958274051488,0.0218607257243336,0.0845351016808151,0.009907195112469,3.0517578125e-05,0.0003359287134479,15,811,
Female,female,1,metabolites,Metabolites,2.83_409.2234m_z,0.1066172699457503,0.0187759303728756,0.0878413395728747,0.0071330935608516,3.0517578125e-05,0.0003359287134479,15,811,
Female,female,1,metabolites,Metabolites,2.84_479.2285m_z,0.2279985417776134,0.0561781197441794,0.1718204220334339,1.835655728772949e-05,3.0517578125e-05,0.0003359287134479,15,811,
Female,female,1,metabolites,Metabolites,2.86_609.2518m_z,0.1291704973326232,0.0958747936854644,0.0332957036471588,0.002778222529845,0.000213623046875,0.0016511441998533,15,811,
Female,female,1,metabolites,Metabolites,2.87_657.3179n,0.1069408162914956,0.0379138670017514,0.0690269492897442,0.0070630094039949,3.0517578125e-05,0.0003359287134479,15,811,
Female,female,1,metabolites,Metabolites,2.89_183.0665m_z,0.1562427488150753,0.0632794701574803,0.092963278657595,4.798177220735401e-06,0.004180908203125,0.0233411328888934,15,811,
Female,female,1,metabolites,Metabolites,2.98_479.2286m_z,0.2264761112614926,0.0554312767782449,0.1710448344832477,1.0159290946611467e-05,3.0517578125e-05,0.0003359287134479,15,811,
Female,female,1,metabolites,Metabolites,3-Hydroxytetradecanoic acid_(R)-3-Hydroxytetradecanoic acid_ 2-Hydroxymyristic acid,0.1049638041039548,0.0644717429793933,0.0404920611245614,0.0069611134607479,3.0517578125e-05,0.0003359287134479,15,811,Annotated metabolite (original: 5.42_243.1969m_z)
Female,female,1,metabolites,Metabolites,3.04_301.1803m_z,0.1194713454909053,0.037880533065049,0.0815908124258563,0.0113054452415058,6.103515625e-05,0.0005706387315775,15,811,
Female,female,1,metabolites,Metabolites,3.04_359.1860m_z,0.081518865149317,-0.0126224431863325,0.0941413083356495,0.0421713360693961,3.0517578125e-05,0.0003359287134479,15,811,
Female,female,1,metabolites,Metabolites,3.04_421.2237m_z,0.0987678514156349,0.0601242997150415,0.0386435517005934,0.0246223651413498,0.00213623046875,0.0127756129429993,15,811,
Female,female,1,metabolites,Metabolites,3.04_479.1376m_z,0.0992308864991863,0.0532608003261628,0.0459700861730235,0.010179573478904,3.0517578125e-05,0.0003359287134479,15,811,
Female,female,1,metabolites,Metabolites,3.11_611.3429m_z,0.0914916149169045,0.0523119168381974,0.0391796980787071,0.0176962988232994,0.00042724609375,0.0029893264271854,15,811,
Female,female,1,metabolites,Metabolites,3.13_411.2388m_z,0.2387229289628407,0.1852404398203749,0.0534824891424658,3.9003023713279294e-10,3.0517578125e-05,0.0003359287134479,15,811,
Female,female,1,metabolites,Metabolites,3.21_333.2075m_z,0.1301678493683538,0.1199642218529502,0.0102036275154035,0.0006011893219336,0.01507568359375,0.072696032824817,15,811,
Female,female,1,metabolites,Metabolites,3.21_334.2989m_z,0.1341937580701789,0.1143273211584287,0.0198664369117501,0.0003598667815155,0.000152587890625,0.0012469109688096,15,811,
Female,female,1,metabolites,Metabolites,3.21_341.1031m_z,0.1023734890728135,0.056371043562652,0.0460024455101614,0.0082259148450465,3.0517578125e-05,0.0003359287134479,15,811,
Female,female,1,metabolites,Metabolites,3.21_401.1944m_z,0.0939931958549345,0.038281385380556,0.0557118104743785,0.0195554997073017,3.0517578125e-05,0.0003359287134479,15,811,
Female,female,1,metabolites,Metabolites,3.21_421.0628m_z,0.1001007034617304,0.0599001407975542,0.0402005626641761,0.0125636445842262,3.0517578125e-05,0.0003359287134479,15,811,
Female,female,1,metabolites,Metabolites,3.21_421.1563m_z,0.0969862128091296,0.0640376786443661,0.0329485341647634,0.0093722486017716,3.0517578125e-05,0.0003359287134479,15,811,
Female,female,1,metabolites,Metabolites,3.21_421.3530m_z,0.0994755169640036,0.0576107701901462,0.0418647467738574,0.0118690609849451,3.0517578125e-05,0.0003359287134479,15,811,Metabolite biomarker
Female,female,1,metabolites,Metabolites,3.21_421.4661m_z,0.0994531797840718,0.0547448255785051,0.0447083542055666,0.0120476204016964,3.0517578125e-05,0.0003359287134479,15,811,
Female,female,1,metabolites,Metabolites,3.21_423.3603m_z,0.0981997642429836,0.0533663713078963,0.0448333929350873,0.0099785569859348,3.0517578125e-05,0.0003359287134479,15,811,
Female,female,1,metabolites,Metabolites,3.21_555.2703n,0.0939215044007896,0.0470646890988164,0.0468568153019732,0.0219046179060418,3.0517578125e-05,0.0003359287134479,15,811,
Female,female,1,metabolites,Metabolites,3.25_411.2393m_z,0.2440101870222509,0.1950044643912698,0.049005722630981,4.390519945860525e-11,3.0517578125e-05,0.0003359287134479,15,811,
Female,female,1,metabolites,Metabolites,3.25_611.3424m_z,0.0874651083976275,0.0140308538187326,0.0734342545788948,0.027008310123696,3.0517578125e-05,0.0003359287134479,15,811,
Female,female,1,metabolites,Metabolites,3.33_237.1133m_z,0.0697810232217491,0.0540723363437731,0.015708686877976,0.0393625042370298,0.007537841796875,0.0390290671997808,15,811,
Female,female,1,metabolites,Metabolites,3.33_392.1173m_z,0.1086615147596832,0.0897359296565535,0.0189255851031297,0.0040997519841512,0.000152587890625,0.0012469109688096,15,811,
Female,female,1,metabolites,Metabolites,3.38_511.2913m_z,0.0935295576501689,0.0605347298588032,0.0329948277913657,0.0386997215259257,0.001312255859375,0.0082030358975821,15,811,
Female,female,1,metabolites,Metabolites,3.43_827.2026m_z,0.0852763441972131,0.0095994455781746,0.0756768986190384,0.0451426141800781,3.0517578125e-05,0.0003359287134479,15,811,
Female,female,1,metabolites,Metabolites,3.50_627.3748m_z,0.1014055541653644,0.0871573863419857,0.0142481678233787,0.0073490779094872,0.010772705078125,0.0539517229760599,15,811,
Female,female,1,metabolites,Metabolites,3.51_339.0178m_z,0.0787544347826301,0.0621748067880149,0.0165796279946151,0.0466460233131761,0.009033203125,0.0460478283110119,15,811,
Female,female,1,metabolites,Metabolites,3.53_385.1691m_z,0.1209806810862904,-0.0181329357444823,0.1391136168307728,0.0107868302417602,3.0517578125e-05,0.0003359287134479,15,811,
Female,female,1,metabolites,Metabolites,3.68_273.1458m_z,0.124972019469433,0.1069272842982294,0.0180447351712035,0.0032895841640702,0.0206298828125,0.0965433422984972,15,811,
Female,female,1,metabolites,Metabolites,3.82_313.1193m_z,0.1133609968550168,0.0554702325849237,0.057890764270093,0.0054989592211732,3.0517578125e-05,0.0003359287134479,15,811,
Female,female,1,metabolites,Metabolites,4-Methylcatechol 1-sulfate_3-Methylcatechol 1-sulfate_O-methoxycatechol-O-sulphate_4-methoxyphenyl ester _3-Methoxyphenol sulfate,0.0916048561902992,0.0735455937913951,0.018059262398904,0.0168573955091286,0.00335693359375,0.0191914414531875,15,811,Annotated metabolite (original: 1.93_203.0024m_z)
Female,female,1,metabolites,Metabolites,4.13_611.3798m_z,0.1827813624020017,0.1611273914206125,0.0216539709813891,5.875167594968333e-06,0.00335693359375,0.0191914414531875,15,811,
Female,female,1,metabolites,Metabolites,4.20_256.9821m_z,0.2597637896809766,-0.0131546892337703,0.272918478914747,3.348706271866406e-12,3.0517578125e-05,0.0003359287134479,15,811,
Female,female,1,metabolites,Metabolites,4.20_258.9801m_z,0.2612622819046248,-0.014394531073702,0.2756568129783269,3.558511214879485e-13,3.0517578125e-05,0.0003359287134479,15,811,Metabolite biomarker
Female,female,1,metabolites,Metabolites,4.20_447.2591m_z,0.0792665889848601,0.042172195289236,0.037094393695624,0.0409897225251104,3.0517578125e-05,0.0003359287134479,15,811,
Female,female,1,metabolites,Metabolites,4.22_581.2403m_z,0.078998708295694,0.007898345187975,0.0711003631077189,0.0375340768390263,3.0517578125e-05,0.0003359287134479,15,811,
Female,female,1,metabolites,Metabolites,4.23_376.3174m_z,0.1745252153500526,0.1597312177302274,0.0147939976198251,6.217865635492174e-06,0.007537841796875,0.0390290671997808,15,811,
Female,female,1,metabolites,Metabolites,4.25_431.3171m_z,0.1045660268585925,0.0757700611703671,0.0287959656882254,0.011012168176245,0.000152587890625,0.0012469109688096,15,811,
Female,female,1,metabolites,Metabolites,4.31_398.9374m_z,0.1882091364422927,0.0841214085079484,0.1040877279343442,0.0039711992643849,0.005126953125,0.0278599153315355,15,811,
Female,female,1,metabolites,Metabolites,4.33_483.2966m_z,0.0987942630453254,0.0148575212013897,0.0839367418439357,0.0164289634970216,3.0517578125e-05,0.0003359287134479,15,811,Metabolite biomarker
Female,female,1,metabolites,Metabolites,4.39_463.3067m_z,0.1536553692478762,0.1336967363784205,0.0199586328694556,0.0001264046911517,0.00335693359375,0.0191914414531875,15,811,
Female,female,1,metabolites,Metabolites,4.42_169.1236m_z,0.1254848873869018,0.0706450496299783,0.0548398377569234,0.0015920977391092,3.0517578125e-05,0.0003359287134479,15,811,Metabolite biomarker
Female,female,1,metabolites,Metabolites,4.42_483.2969m_z,0.0796911577594746,-0.0007762381429082,0.0804673959023829,0.0302633107048269,3.0517578125e-05,0.0003359287134479,15,811,
Female,female,1,metabolites,Metabolites,4.49_335.1495m_z,0.0786134740575186,-0.0086368150015279,0.0872502890590465,0.0429328464544005,3.0517578125e-05,0.0003359287134479,15,811,
Female,female,1,metabolites,Metabolites,4.56_302.1760m_z,0.2273938067299101,0.0437340207850463,0.1836597859448637,0.0018306706008639,3.0517578125e-05,0.0003359287134479,15,811,
Female,female,1,metabolites,Metabolites,4.59_562.3154m_z,0.1199072882811669,-0.0217517197722529,0.1416590080534199,0.0039944258797656,6.103515625e-05,0.0005706387315775,15,811,
Female,female,1,metabolites,Metabolites,4.59_576.3304m_z,0.1137244009196604,0.0451056881787736,0.0686187127408868,0.0043532048851477,3.0517578125e-05,0.0003359287134479,15,811,
Female,female,1,metabolites,Metabolites,4.69_562.3154m_z,0.1175814597358823,-0.0177156147454723,0.1352970744813547,0.0047440574069947,6.103515625e-05,0.0005706387315775,15,811,
Female,female,1,metabolites,Metabolites,4.69_576.3303m_z,0.1174583387685331,0.0330816982666039,0.0843766405019292,0.0038165216035307,3.0517578125e-05,0.0003359287134479,15,811,
Female,female,1,metabolites,Metabolites,4.71_538.3153m_z,0.0914935012729677,-0.0039725580361513,0.095466059309119,0.0170135432798755,3.0517578125e-05,0.0003359287134479,15,811,
Female,female,1,metabolites,Metabolites,4.71_552.3305m_z,0.1142536888505728,0.0324250966792031,0.0818285921713696,0.0035608481248453,3.0517578125e-05,0.0003359287134479,15,811,
Female,female,1,metabolites,Metabolites,4.72_307.1550m_z,0.1256520591503299,0.0201814090493224,0.1054706501010075,0.0013775469639471,3.0517578125e-05,0.0003359287134479,15,811,
Female,female,1,metabolites,Metabolites,4.74_429.3013m_z,0.1541527101937163,0.1175723181030958,0.0365803920906204,0.0001705549861009,9.1552734375e-05,0.0008066436390817,15,811,
Female,female,1,metabolites,Metabolites,4.75_562.3154m_z,0.1208862735916309,-0.0063722633677553,0.1272585369593863,0.0039730820545107,6.103515625e-05,0.0005706387315775,15,811,
Female,female,1,metabolites,Metabolites,4.75_576.3309m_z,0.1209232768137661,0.0318847773406761,0.08903849947309,0.0017827959446116,3.0517578125e-05,0.0003359287134479,15,811,
Female,female,1,metabolites,Metabolites,4.76_380.2573m_z,0.0939487562380547,0.011285249404096,0.0826635068339587,0.0327634392850193,3.0517578125e-05,0.0003359287134479,15,811,
Female,female,1,metabolites,Metabolites,4.77_431.3170m_z,0.1082415994323986,0.0748805823672719,0.0333610170651266,0.0077811338590297,0.000152587890625,0.0012469109688096,15,811,
Female,female,1,metabolites,Metabolites,4.82_538.3155m_z,0.0883426536369593,0.0154526699359795,0.0728899837009798,0.0179901983927714,3.0517578125e-05,0.0003359287134479,15,811,
Female,female,1,metabolites,Metabolites,4.82_552.3308m_z,0.1034739643245346,0.0469684119631321,0.0565055523614025,0.0077747776035705,3.0517578125e-05,0.0003359287134479,15,811,
Female,female,1,metabolites,Metabolites,4.87_612.3309m_z,0.1532442692178567,0.0033551231743768,0.1498891460434799,8.686935368297501e-05,3.0517578125e-05,0.0003359287134479,15,811,
Female,female,1,metabolites,Metabolites,4.87_612.4463m_z,0.1698197527760749,0.0066680303790088,0.163151722397066,1.2114889015114134e-05,3.0517578125e-05,0.0003359287134479,15,811,
Female,female,1,metabolites,Metabolites,4.87_626.3464m_z,0.1663398047695627,0.0071280144099326,0.1592117903596301,3.482086533212754e-05,3.0517578125e-05,0.0003359287134479,15,811,
Female,female,1,metabolites,Metabolites,4.90_528.3091m_z,0.1632235849208867,0.0935931413956669,0.0696304435252198,3.377854657412245e-05,3.0517578125e-05,0.0003359287134479,15,811,
Female,female,1,metabolites,Metabolites,4.90_602.3465m_z,0.1463111819552976,0.0938755599717142,0.0524356219835833,0.0002388432614987,6.103515625e-05,0.0005706387315775,15,811,
Female,female,1,metabolites,Metabolites,4.91_504.3095m_z,0.0767062513508702,0.0349484656955652,0.0417577856553049,0.044096684023512,0.002685546875,0.0157097154627732,15,811,
Female,female,1,metabolites,Metabolites,4.91_554.3022m_z,0.1125507601310993,0.0426306377801138,0.0699201223509855,0.0030412861054037,3.0517578125e-05,0.0003359287134479,15,811,
Female,female,1,metabolites,Metabolites,4.91_564.4412m_z,0.1293661031966889,0.0504744122175535,0.0788916909791354,0.0007002232093145,3.0517578125e-05,0.0003359287134479,15,811,
Female,female,1,metabolites,Metabolites,4.91_578.3465m_z,0.1209501617787918,0.0258774776585281,0.0950726841202637,0.0014554428255802,3.0517578125e-05,0.0003359287134479,15,811,
Female,female,1,metabolites,Metabolites,4.91_588.3307m_z,0.1391581497289884,0.0859232308267944,0.053234918902194,0.00063059785745,3.0517578125e-05,0.0003359287134479,15,811,
Female,female,1,metabolites,Metabolites,4.91_608.3561m_z,0.103974047043222,0.0373072902988578,0.0666667567443642,0.0103083703912991,3.0517578125e-05,0.0003359287134479,15,811,
Female,female,1,metabolites,Metabolites,4.95_552.3097m_z,0.153216531273412,0.0284394906880013,0.1247770405854107,0.0001265346944013,3.0517578125e-05,0.0003359287134479,15,811,
Female,female,1,metabolites,Metabolites,4.95_612.4456m_z,0.1702628087742579,0.0090070960168222,0.1612557127574357,1.0001649162400507e-05,3.0517578125e-05,0.0003359287134479,15,811,
Female,female,1,metabolites,Metabolites,4.95_626.3464m_z,0.1698120713683658,0.0122335823446465,0.1575784890237193,8.826850541245924e-06,3.0517578125e-05,0.0003359287134479,15,811,
Female,female,1,metabolites,Metabolites,4.98_528.3099m_z,0.1707729899979659,0.0959816310072672,0.0747913589906987,9.875721006811012e-06,3.0517578125e-05,0.0003359287134479,15,811,
Female,female,1,metabolites,Metabolites,4.98_588.3307m_z,0.1399204603466648,0.0877344105395705,0.0521860498070942,0.0005262010523727,3.0517578125e-05,0.0003359287134479,15,811,
Female,female,1,metabolites,Metabolites,4.99_526.2937m_z,0.1198822261836345,0.1008527982273859,0.0190294279562485,0.0061174198368443,0.0062255859375,0.0331979563939912,15,811,
Female,female,1,metabolites,Metabolites,5.02_554.3021m_z,0.1140657052552142,0.0420477116944767,0.0720179935607375,0.0031788735124684,3.0517578125e-05,0.0003359287134479,15,811,
Female,female,1,metabolites,Metabolites,5.02_564.4412m_z,0.1263403794564259,0.0515607864645502,0.0747795929918757,0.0010923306532582,3.0517578125e-05,0.0003359287134479,15,811,Metabolite biomarker
Female,female,1,metabolites,Metabolites,5.02_578.3465m_z,0.1268727471147391,0.0266679372498799,0.1002048098648592,0.0008027267261427,3.0517578125e-05,0.0003359287134479,15,811,
Female,female,1,metabolites,Metabolites,5.02_608.3563m_z,0.1031516694554318,0.0389524015847188,0.064199267870713,0.0118905783778647,3.0517578125e-05,0.0003359287134479,15,811,
Female,female,1,metabolites,Metabolites,5.08_526.2940m_z,0.1307772937541248,0.1083536687167434,0.0224236250373813,0.0008827128192405,0.007537841796875,0.0390290671997808,15,811,Metabolite biomarker
Female,female,1,metabolites,Metabolites,5.11_263.2014m_z,0.0832460470076903,0.0663215055484075,0.0169245414592828,0.011442564701689,0.004180908203125,0.0233411328888934,15,811,
Female,female,1,metabolites,Metabolites,5.11_590.3465m_z,0.1401859481024819,0.0502557216629655,0.0899302264395163,0.0004045225738396,3.0517578125e-05,0.0003359287134479,15,811,
Female,female,1,metabolites,Metabolites,5.11_604.3618m_z,0.1686482985823023,0.0525613169478807,0.1160869816344215,4.23007593148911e-06,3.0517578125e-05,0.0003359287134479,15,811,
Female,female,1,metabolites,Metabolites,5.14_480.3097m_z,0.1219238669892967,0.0313860178639399,0.0905378491253567,0.0023056977517217,3.0517578125e-05,0.0003359287134479,15,811,
Female,female,1,metabolites,Metabolites,5.14_540.3312m_z,0.1236229463334778,0.0266043311164926,0.0970186152169852,0.0045547939037857,3.0517578125e-05,0.0003359287134479,15,811,
Female,female,1,metabolites,Metabolites,5.14_554.3465m_z,0.1264401455323399,0.0366379486360526,0.0898021968962872,0.0010022697422259,3.0517578125e-05,0.0003359287134479,15,811,
Female,female,1,metabolites,Metabolites,5.21_590.3467m_z,0.1485201067581342,0.049813726954654,0.0987063798034801,0.0001874694585136,3.0517578125e-05,0.0003359287134479,15,811,
Female,female,1,metabolites,Metabolites,5.21_604.3621m_z,0.1804063714712213,0.0512901951712621,0.1291161762999591,6.396405315211396e-06,3.0517578125e-05,0.0003359287134479,15,811,
Female,female,1,metabolites,Metabolites,5.22_243.1970m_z,0.1046095866390141,0.0683655048234149,0.0362440818155991,0.0088961213191256,0.00030517578125,0.0022337823851495,15,811,
Female,female,1,metabolites,Metabolites,5.24_526.2941m_z,0.1271059039441332,0.1064682426435376,0.0206376613005956,0.0084868000133624,0.012786865234375,0.0626468614800843,15,811,
Female,female,1,metabolites,Metabolites,5.26_480.3084m_z,0.128527815956745,0.0314716664213724,0.0970561495353726,0.0019912101783107,3.0517578125e-05,0.0003359287134479,15,811,
Female,female,1,metabolites,Metabolites,5.26_540.3310m_z,0.1242948461790357,0.0271650729936811,0.0971297731853545,0.0025879820370622,3.0517578125e-05,0.0003359287134479,15,811,
Female,female,1,metabolites,Metabolites,5.26_554.3465m_z,0.1259846882484368,0.0366959126752224,0.0892887755732144,0.0010175273311374,3.0517578125e-05,0.0003359287134479,15,811,
Female,female,1,metabolites,Metabolites,5.36_284.2232m_z,0.1113513949563555,0.0897935279174856,0.0215578670388698,0.0155903189278726,0.004180908203125,0.0233411328888934,15,811,
Female,female,1,metabolites,Metabolites,5.37_291.1602m_z,0.288986668736597,0.0781691234586913,0.2108175452779056,3.1861183067355466e-15,3.0517578125e-05,0.0003359287134479,15,811,
Female,female,1,metabolites,Metabolites,5.41_524.3360m_z,0.1533883041115622,-0.0181703323432089,0.1715586364547711,5.140391071445396e-05,3.0517578125e-05,0.0003359287134479,15,811,
Female,female,1,metabolites,Metabolites,5.59_299.2589m_z,0.0839994047027049,0.0087930935989205,0.0752063111037844,0.0459720804578463,3.0517578125e-05,0.0003359287134479,15,811,
Female,female,1,metabolites,Metabolites,5.69_480.3095m_z,0.1085904123205378,0.0471364724488671,0.0614539398716706,0.01105176569769,3.0517578125e-05,0.0003359287134479,15,811,
Female,female,1,metabolites,Metabolites,5.78_391.2859m_z,0.1140671355630051,-0.0281547569567785,0.1422218925197838,0.008002439492223,3.0517578125e-05,0.0003359287134479,15,811,
Female,female,1,metabolites,Metabolites,5.80_568.3624m_z,0.1081124208309962,0.0472978517472786,0.0608145690837175,0.0045754889041339,3.0517578125e-05,0.0003359287134479,15,811,
Female,female,1,metabolites,Metabolites,5.88_391.2860m_z,0.1130437225621139,-0.0194841017246714,0.1325278242867854,0.0069565346738938,3.0517578125e-05,0.0003359287134479,15,811,
Female,female,1,metabolites,Metabolites,5.95_391.2859m_z,0.1248708540918589,-0.0289966444659546,0.1538674985578135,0.001993284276014,3.0517578125e-05,0.0003359287134479,15,811,
Female,female,1,metabolites,Metabolites,7-Hoca,0.1746440951778089,0.1284953674240893,0.0461487277537196,6.101649387745325e-06,3.0517578125e-05,0.0003359287134479,15,811,Annotated metabolite (original: 4.93_429.3016m_z)
Female,female,1,metabolites,Metabolites,Fibrinopeptide A (3-15),0.1410227755155067,0.0676102064649207,0.0734125690505859,0.0013715513743195,3.0517578125e-05,0.0003359287134479,15,811,Annotated metabolite (original: 2.19_1193.5207n)
Female,female,1,metabolites,Metabolites,Fibrinopeptide A (3-16),0.1203598101687672,0.0298524641368642,0.090507346031903,0.0025869142935042,3.0517578125e-05,0.0003359287134479,15,811,Annotated metabolite (original: 1.98_673.8028m_z)
Female,female,1,metabolites,Metabolites,Fibrinopeptide A (5-16)_,0.123390345781299,0.0083099251014693,0.1150804206798296,0.0015233704031641,3.0517578125e-05,0.0003359287134479,15,811,Annotated metabolite (original: 1.99_601.7771m_z)
Female,female,1,metabolites,Metabolites,Fibrinopeptide A (8-16),0.0971065298501565,0.0321208939890867,0.0649856358610697,0.011490038326562,3.0517578125e-05,0.0003359287134479,15,811,Annotated metabolite (original: 1.81_904.4772n)
Female,female,1,metabolites,Metabolites,Isopropyl 4-hydroxybenzoate_propyl 4-hydroxybenzoate,0.1686717513531864,-0.0169499347814748,0.1856216861346613,1.9948016422681296e-05,3.0517578125e-05,0.0003359287134479,15,811,Annotated metabolite (original: 3.64_179.0728m_z)
Female,female,1,metabolites,Metabolites,LysoPE(0_0_18_0)_LysoPE(18_0_0_0),0.1135532926001284,0.0506796709300899,0.0628736216700384,0.0060713030254168,3.0517578125e-05,0.0003359287134479,15,811,Annotated metabolite (original: 5.81_480.3095m_z)
Female,female,1,metabolites,Metabolites,LysoPE(0_0_22_6(4Z 7Z 10Z 13Z 16Z 19Z))_LysoPE(22_6(4Z 7Z 10Z 13Z 16Z 19Z)_0_0),0.1228810410910317,0.0854723132569198,0.0374087278341119,0.0028067195160228,3.0517578125e-05,0.0003359287134479,15,811,Annotated metabolite (original: 4.85_524.2785m_z)
Female,female,1,metabolites,Metabolites,LysoPE(0_0_22_6(4Z 7Z 10Z 13Z 16Z 19Z))_LysoPE(22_6(4Z 7Z 10Z 13Z 16Z 19Z)_0_0).1,0.1122389853713817,0.0800406891051319,0.0321982962662497,0.0056834697652525,9.1552734375e-05,0.0008066436390817,15,811,Annotated metabolite (original: 4.93_524.2790m_z)
Female,female,1,metabolites,Metabolites,LysoPE(P-16_0_0_0),0.1134520845162465,0.0327808517165773,0.0806712327996692,0.0093802582839761,3.0517578125e-05,0.0003359287134479,15,811,Annotated metabolite (original: 5.40_436.2839m_z)
Female,female,1,metabolites,Metabolites,PC(2_0_20_3(6 8 11)-OH(5)),0.1492238407993291,0.0944760271107616,0.0547478136885674,0.0001298999794053,3.0517578125e-05,0.0003359287134479,15,811,Annotated metabolite (original: 4.98_602.3464m_z)
Female,female,1,metabolites,Metabolites,Phenylalanylphenylalanine,0.1004690560575649,0.0611288231482901,0.0393402329092747,0.0208531222533233,3.0517578125e-05,0.0003359287134479,15,811,Annotated metabolite (original: 2.17_311.1411m_z)
Female,female,2,glycemic_status,Glycemic,iglu_below_54,0.0817000195465207,0.0146077811886761,0.0670922383578446,0.0341187641964619,3.0517578125e-05,0.0003359287134479,15,1090,Percentage of time glucose readings are below 54 mg/dL - a measure of hypoglycemic burden representing significant low blood glucose events
Female,female,3,liver,Liver,liver_elasticity,0.1541629521198182,0.0880332680614019,0.0661296840584162,2.760734818417333e-07,3.0517578125e-05,0.0003359287134479,15,1414,"Measures the stiffness and elasticity of liver tissue using elastography techniques; a key biomarker for assessing liver fibrosis and disease progression, particularly in hepatitis and cirrhosis."
Female,female,4,bone_density,Bone Density,femur_lower_neck_diff_area,0.1041884542613446,0.0506218286035852,0.0535666256577594,0.000505984614198,3.0517578125e-05,0.0003359287134479,15,1348,"Difference in bone area measurements between lower neck regions of the left femur, measured in cm² (calculated metric)"
Female,female,4,bone_density,Bone Density,femur_neck_diff_area,0.116988908492966,0.0521249210070035,0.0648639874859624,0.0109035811364517,0.007537841796875,0.0390290671997808,15,1348,"Difference in cross-sectional area of the femoral neck between two measurements or time points, measured via DXA imaging"
Female,female,4,bone_density,Bone Density,femur_neck_diff_bmd,0.136332925487141,0.0798396264782355,0.0564932990089054,0.0008244208355169,0.00030517578125,0.0022337823851495,15,1348,"Difference in bone mineral density of the femoral neck between two measurements or time points, measured via DXA"
Female,female,4,bone_density,Bone Density,femur_wards_diff_area,0.1501593003468621,0.0565690300467853,0.0935902703000768,0.0040604524452056,0.001312255859375,0.0082030358975821,15,1348,"Difference in bone area of Ward's triangle (a specific region within the femoral neck) between two time points or conditions, measured via DXA imaging"
Female,female,4,bone_density,Bone Density,spine_l1_l3_area,0.417184180132425,0.3681088635911927,0.0490753165412322,3.9616579711548525e-54,3.0517578125e-05,0.0003359287134479,15,1303,Projected bone area of the L1-L3 lumbar spine region measured in cm² via DXA. Represents the size of this extended spinal segment.
Female,female,4,bone_density,Bone Density,spine_l1_l3_bmc,0.4311943346920591,0.3749850232658723,0.0562093114261868,5.2180462833771e-55,3.0517578125e-05,0.0003359287134479,15,1303,Bone Mineral Content (BMC) of the L1-L3 lumbar spine region measured in grams via DXA. Total mineral mass across three lumbar vertebrae.
Female,female,4,bone_density,Bone Density,spine_l1_l4_area,0.4355058128945205,0.3541514659367195,0.081354346957801,1.7501224419190642e-57,3.0517578125e-05,0.0003359287134479,15,1302,Projected bone area of the L1-L4 lumbar spine region measured in cm² via DXA. Standard assessment region representing the entire clinically-relevant lumbar spine.
Female,female,4,bone_density,Bone Density,spine_l1_l4_bmc,0.4294301541899855,0.3917160587212472,0.0377140954687382,6.576138619306036e-56,3.0517578125e-05,0.0003359287134479,15,1302,"Bone Mineral Content of the lumbar spine (L1-L4), measured in grams via DXA absorptiometry"
Female,female,4,bone_density,Bone Density,spine_l2_l4_area,0.41848989014505,0.3459207257724691,0.0725691643725809,7.389178973914105e-55,3.0517578125e-05,0.0003359287134479,15,1302,"Projected bone area of lumbar spine L2-L4 region, measured in square centimeters by DXA"
Female,female,4,bone_density,Bone Density,spine_l2_l4_bmc,0.415848656181575,0.3493435419605599,0.0665051142210151,7.507712933006558e-52,3.0517578125e-05,0.0003359287134479,15,1302,"Bone Mineral Content of lumbar spine L2-L4, measured in grams; represents total amount of mineral in the bone region"
Female,female,5,cardiovascular_system,Cardiovascular,automorph_vein_fractal_dimension,0.2202636944230966,0.2089601988820101,0.0113034955410865,2.3218294471592648e-12,0.004180908203125,0.0233411328888934,15,1170,"Fractal dimension of retinal veins from image analysis, measuring the complexity and branching pattern of venous vasculature"
Female,female,5,cardiovascular_system,Cardiovascular,intima_media_th_2_fit,0.0814093571286661,0.0337063409058962,0.0477030162227699,0.0350127692484991,0.000152587890625,0.0012469109688096,15,960,"Carotid artery intima-media thickness measurement from second ultrasound image, fitted/processed value. IMT indicator of atherosclerosis."
Female,female,5,cardiovascular_system,Cardiovascular,j_mv_V3,0.0903010037056638,-0.0128800823509461,0.1031810860566099,0.0026213962613969,3.0517578125e-05,0.0003359287134479,15,1420,J point amplitude in lead V3 from ECG - measures the junction point between QRS complex and ST segment in the third precordial lead
Female,female,5,cardiovascular_system,Cardiovascular,p_mv_III,0.0828979295714463,0.0448604622133691,0.0380374673580771,0.0169075077612857,6.103515625e-05,0.0005706387315775,15,1297,"Cardiac electrical potential (voltage) measured in lead III from electrocardiogram (ECG), representing left leg-to-right arm vector"
Female,female,5,cardiovascular_system,Cardiovascular,p_mv_aVF,0.0806720989624974,0.0294301811836039,0.0512419177788935,0.0092127975372707,3.0517578125e-05,0.0003359287134479,15,1335,P wave amplitude in augmented lead aVF from ECG - measures atrial depolarization in the inferior lead
Female,female,5,cardiovascular_system,Cardiovascular,q_mv_III,0.1510319255074934,0.0641955086136538,0.0868364168938395,0.0010817066465772,3.0517578125e-05,0.0003359287134479,15,575,Q-wave voltage (in millivolts) measured from electrocardiogram lead III. ECG parameter reflecting initial ventricular depolarization.
Female,female,5,cardiovascular_system,Cardiovascular,r_abi,0.0771399122374057,0.0342589379291674,0.0428809743082382,0.0203516106106061,6.103515625e-05,0.0005706387315775,15,1414,"Right ankle-brachial index (ABI) - a ratio of blood pressure in the right ankle to blood pressure in the right arm, used to assess peripheral arterial disease and cardiovascular risk"
Female,female,5,cardiovascular_system,Cardiovascular,r_ankle_index,0.0803941582506238,0.0349072960468422,0.0454868622037816,0.0138566814555272,3.0517578125e-05,0.0003359287134479,15,1414,Right ankle index - likely a normalized measure of right ankle blood flow or vascular parameters for cardiovascular risk assessment
Female,female,5,cardiovascular_system,Cardiovascular,r_mv_aVL,0.4702000184884671,0.35780959517159,0.1123904233168771,2.4850451829149805e-70,3.0517578125e-05,0.0003359287134479,15,1352,R wave amplitude in millivolts in lead aVL from electrocardiogram (ECG). Reflects left ventricular electrical activity and mass from the left shoulder perspective.
Female,female,5,cardiovascular_system,Cardiovascular,s_mv_III,0.2620776067444465,0.1656383327258165,0.0964392740186299,1.127279737817746e-12,3.0517578125e-05,0.0003359287134479,15,827,S-wave voltage (in millivolts) measured from electrocardiogram lead III. ECG parameter reflecting ventricular depolarization.
Female,female,5,cardiovascular_system,Cardiovascular,st_mv_V3,0.0863820360139589,0.0375597339400545,0.0488223020739044,0.0063408560165782,3.0517578125e-05,0.0003359287134479,15,1420,"ST segment amplitude in the V3 lead (precordial lead) measured in millivolts. Represents the voltage level of the ST segment, used to assess for myocardial ischemia or infarction patterns."
Female,female,5,cardiovascular_system,Cardiovascular,t_mv_II,0.1551346574043216,0.0535987413814071,0.1015359160229145,2.444443739206642e-07,3.0517578125e-05,0.0003359287134479,15,1417,T wave amplitude in millivolts in lead II from electrocardiogram (ECG). The T wave represents ventricular repolarization and abnormalities can indicate ischemia or electrolyte disturbances.
Female,female,5,cardiovascular_system,Cardiovascular,t_mv_III,0.2938684192215789,0.1115092030799853,0.1823592161415936,4.396988296272317e-25,3.0517578125e-05,0.0003359287134479,15,1252,T wave amplitude in lead III (electrocardiogram measurement)
Female,female,5,cardiovascular_system,Cardiovascular,t_mv_V5,0.0977465215135123,0.0719578523534257,0.0257886691600866,0.0026637418177328,0.00042724609375,0.0029893264271854,15,1416,T wave amplitude in lead V5 from ECG - measures the height of ventricular repolarization wave in the fifth precordial lead
Female,female,5,cardiovascular_system,Cardiovascular,t_mv_V6,0.0738752352076024,0.0613682712387261,0.0125069639688763,0.0150049917205089,0.001678466796875,0.0102821099058923,15,1414,T wave amplitude in ECG lead V6 (millimeters or standardized units); represents ventricular repolarization vector in the left lateral precordial region
Female,female,5,cardiovascular_system,Cardiovascular,t_mv_aVF,0.244113747028958,0.0661341228253083,0.1779796242036497,2.272048269243321e-17,3.0517578125e-05,0.0003359287134479,15,1375,"T wave amplitude in the aVF lead (augmented vector foot/inferior) measured in millivolts. Represents the positive or negative deflection of the T wave in this lead, reflecting inferior ventricular repolarization."
Female,female,5,cardiovascular_system,Cardiovascular,t_mv_aVL,0.1830163636293202,0.1060081794099428,0.0770081842193773,3.30370661922708e-08,3.0517578125e-05,0.0003359287134479,15,1187,T wave amplitude in ECG lead aVL (millimeters or standardized units); represents ventricular repolarization vector in the left lateral region
Female,female,5,cardiovascular_system,Cardiovascular,t_mv_aVR,0.0627487408400695,0.0415453056849051,0.0212034351551643,0.0311258165001332,6.103515625e-05,0.0005706387315775,15,1420,T wave amplitude in ECG lead aVR (millimeters or standardized units); represents ventricular repolarization vector in the right lateral region
Female,female,6,lifestyle,Lifestyle,fortified_wine__glasses_week,0.0981755923323482,0.0408074253329719,0.0573681669993762,0.0110199137611045,3.0517578125e-05,0.0003359287134479,15,863,"Weekly consumption of fortified wine in glasses, a dietary/alcohol intake biomarker"
Female,female,6,lifestyle,Lifestyle,work_hours_per_day,0.2859799817093839,0.2744025124261339,0.0115774692832499,1.4056849466899466e-20,0.007537841796875,0.0390290671997808,15,1190,Total hours worked per week as a measure of occupational time commitment and work-related lifestyle factor
Female,female,7,microbiome,Microbiome,Rep_1271,0.0842988401433112,0.0454875092929758,0.0388113308503354,0.0017294669636428,3.0517578125e-05,0.0003359287134479,15,1386,Microbiome species prevalence
Female,female,7,microbiome,Microbiome,Rep_1977,0.101958942170279,0.0775398371015041,0.0244191050687749,0.0012444773770433,0.000213623046875,0.0016511441998533,15,1386,Microbiome species prevalence
Female,female,7,microbiome,Microbiome,Rep_2076,0.0725454525650242,0.0040892775080728,0.0684561750569514,0.0423503242588194,3.0517578125e-05,0.0003359287134479,15,1386,Microbiome species prevalence
Female,female,7,microbiome,Microbiome,Rep_2101,0.1556659368908941,0.1327111373022463,0.0229547995886477,1.0117139249596849e-07,3.0517578125e-05,0.0003359287134479,15,1386,Microbiome species prevalence
Female,female,7,microbiome,Microbiome,Rep_2158,0.0761899172930583,0.0220094287363438,0.0541804885567145,0.0209827998321896,3.0517578125e-05,0.0003359287134479,15,1386,Microbiome species prevalence
Female,female,7,microbiome,Microbiome,Rep_2170,0.0626737977978735,0.0419258383018317,0.0207479594960418,0.0380023743147862,0.000579833984375,0.0039598869554924,15,1386,Microbiome species prevalence
Female,female,7,microbiome,Microbiome,Rep_2207,0.0989129353798367,0.0739023461258755,0.0250105892539611,0.0018876296378388,0.000579833984375,0.0039598869554924,15,1386,Microbiome species prevalence
Female,female,7,microbiome,Microbiome,Rep_2232,0.0742649914671507,0.0377110718649541,0.0365539196021966,0.0184239707316981,0.00030517578125,0.0022337823851495,15,1386,Microbiome species prevalence
Female,female,7,microbiome,Microbiome,Rep_2291,0.0817098321623289,0.0445222825791198,0.0371875495832091,0.0127681582043643,9.1552734375e-05,0.0008066436390817,15,1386,Microbiome species prevalence
Female,female,7,microbiome,Microbiome,Rep_3063,0.0894326228680772,0.064023706076841,0.0254089167912362,0.0047577954691363,0.00030517578125,0.0022337823851495,15,1386,Microbiome species prevalence
Female,female,7,microbiome,Microbiome,Rep_3203,0.0821533925851438,0.0687117471779305,0.0134416454072132,0.002635331176786,9.1552734375e-05,0.0008066436390817,15,1386,Microbiome species prevalence
Female,female,7,microbiome,Microbiome,Rep_3218,0.0961141585524037,0.0682721133689259,0.0278420451834777,0.00369515875904,0.000762939453125,0.0050493148968798,15,1386,Microbiome species prevalence
Female,female,7,microbiome,Microbiome,Rep_3287,0.0662223077058353,0.0030195740844281,0.0632027336214072,0.0473012161307153,3.0517578125e-05,0.0003359287134479,15,1386,Microbiome species prevalence
Female,female,7,microbiome,Microbiome,Rep_458,0.0835943861928231,0.0625407824930653,0.0210536036997577,0.0095424475738975,0.000762939453125,0.0050493148968798,15,1386,Microbiome species prevalence
Female,female,7,microbiome,Microbiome,Rep_637,0.0810214372960042,-6.555564853263987e-05,0.0810869929445368,0.0137304400984752,3.0517578125e-05,0.0003359287134479,15,1386,Microbiome species prevalence
Female,female,7,microbiome,Microbiome,Rep_778,0.0666315556737777,0.0452457845038439,0.0213857711699337,0.0471275002088762,0.002685546875,0.0157097154627732,15,1386,Microbiome species prevalence
Female,female,7,microbiome,Microbiome,Rep_840,0.0774896720377028,0.0652423104854957,0.0122473615522071,0.0114965974590524,0.001007080078125,0.0064944531544145,15,1386,Microbiome species prevalence
Female,female,7,microbiome,Microbiome,Rep_959,0.0813688965349875,0.051288169020398,0.0300807275145895,0.0035360994377043,3.0517578125e-05,0.0003359287134479,15,1386,Microbiome species prevalence
Female,female,8,frailty,Frailty,hand_grip_left,0.3535667717755287,0.328467253955762,0.0250995178197666,6.8618810795546556e-40,3.0517578125e-05,0.0003359287134479,15,1421,"Maximal left hand grip strength measured in kilograms using a hand dynamometer, indicating muscular strength and overall physical function"
Female,female,9,body_composition,Body Composition,body_comp_trunk_fat_mass,0.9324941656410124,0.9286101164577916,0.003884049183221,0.0,3.0517578125e-05,0.0003359287134479,15,1376,"Mass of adipose tissue in the trunk region (chest, abdomen, lower back) measured in kilograms via dual-energy X-ray absorptiometry (DXA)"
Female,female,9,body_composition,Body Composition,body_comp_trunk_left_fat_mass,0.9291890033310892,0.9235609336109796,0.0056280697201094,0.0,3.0517578125e-05,0.0003359287134479,15,1376,Fat mass of the left trunk/torso measured via DXA
Female,female,9,body_composition,Body Composition,total_scan_sat_mass,0.0822724077991463,0.0571548742349075,0.0251175335642387,0.0318959905134674,0.010772705078125,0.0539517229760599,15,1374,Total saturated adipose tissue mass measured in grams via DXA imaging
Female,female,9,body_composition,Body Composition,total_scan_vat_mass,0.8790986150382838,0.8586192055892667,0.020479409449017,0.0,3.0517578125e-05,0.0003359287134479,15,1367,"Visceral adipose tissue (VAT) mass measured from DXA scan in grams, representing the total amount of internal abdominal fat"
Female,female,9,body_composition,Body Composition,total_scan_vat_volume,0.9912140814507192,0.9377344362931156,0.0534796451576036,0.0,3.0517578125e-05,0.0003359287134479,15,1367,"Visceral adipose tissue (VAT) volume measured from DXA scan in cubic centimeters, representing the three-dimensional volume of internal abdominal fat"
Female,female,10,nightingale,Nightingale,Albumin,0.1638643820680875,0.1381328965636147,0.0257314855044728,0.0007599190403907,0.004180908203125,0.0233411328888934,15,638,"Serum albumin concentration (g/L or g/dL), the most abundant plasma protein. Key marker of liver function, nutritional status, and inflammation."
Female,female,10,nightingale,Nightingale,HDL_P,0.1296245239956112,0.1188585648524685,0.0107659591431427,0.003657551031346,0.017669677734375,0.0837891030549211,15,638,HDL particle number/concentration; the count or concentration of HDL particles in blood
Female,female,10,nightingale,Nightingale,IDL_C,0.1235028756129417,0.1037437718876306,0.019759103725311,0.0035169931970364,0.00335693359375,0.0191914414531875,15,638,IDL cholesterol concentration; cholesterol content within intermediate-density lipoprotein particles
Female,female,10,nightingale,Nightingale,IDL_FC,0.1023603220185594,0.0872658485094231,0.0150944735091362,0.0157624413137752,0.010772705078125,0.0539517229760599,15,638,IDL free cholesterol content; the unesterified cholesterol component within IDL particles
Female,female,10,nightingale,Nightingale,IDL_PL,0.136506248898794,0.1182973548572376,0.0182088940415563,0.0012358696518445,0.00042724609375,0.0029893264271854,15,638,IDL (Intermediate-Density Lipoprotein) Phospholipid content - measures the phospholipid component within intermediate-density lipoprotein particles
Female,female,10,nightingale,Nightingale,M_HDL_PL,0.1279274146738409,0.1101420373487801,0.0177853773250607,0.002281283789476,9.1552734375e-05,0.0008066436390817,15,638,Medium High-Density Lipoprotein phospholipid content - measures the phospholipid concentration within medium HDL particles
Female,female,10,nightingale,Nightingale,Sphingomyelins,0.1240673842819129,0.0950649058523254,0.0290024784295874,0.0053792576704008,0.000762939453125,0.0050493148968798,15,637,"Concentration of sphingomyelins, a class of sphingolipids involved in cell membrane structure and signaling"
Female,female,10,nightingale,Nightingale,Total_P,0.1330496707083934,0.1116579265373805,0.0213917441710129,0.001799155184254,0.00042724609375,0.0029893264271854,15,638,"Total phospholipids - the concentration of phospholipid molecules in serum, measured in mmol/L or similar units"
Female,female,10,nightingale,Nightingale,XS_VLDL_C,0.1300605517168767,0.1158423074408153,0.0142182442760614,0.0019451035339144,0.0062255859375,0.0331979563939912,15,638,"Total cholesterol content in extra-small VLDL particles, measured as a percentage of total lipids in XS-VLDL"
Female,female,10,nightingale,Nightingale,XS_VLDL_CE,0.1184454753338575,0.0902674967487158,0.0281779785851417,0.0095926647762766,0.00042724609375,0.0029893264271854,15,638,"Cholesteryl ester content in extra-small VLDL particles, measured as a percentage of total lipids in XS-VLDL"
Female,female,11,high_level_diet_with_stage,High Level Diet,Foods_per_day,0.0925343255130422,0.0773684542917169,0.0151658712213252,0.0019716990889761,0.005126953125,0.0278599153315355,15,1398,"Count of distinct food items consumed per day, a dietary diversity metric"
