system,label,score_type,score,model,sub_model,delta,is_better,baseline_model,baseline_score,gender,label_type,description,score_pvalue,wilcox_pvalue,n_seeds,n_subjects,n_positive
ASBV_Prediction,gender,auc,0.9784645743766721,long_seq,activity_romberg_closed,,,,,all,categorical,"Gender of subject (1=male, 2=female)",,,15,3387,1641.0
ASBV_Prediction,bmi,pearson_r,0.8410248183353397,long_seq,activity_romberg_closed,,,,,female,regression,Body Mass Index (weight/height^2),0.0,,15,3386,
ASBV_Prediction,bmi,pearson_r,0.8336694201593332,long_seq,activity_romberg_closed,,,,,all,regression,Body Mass Index (weight/height^2),0.0,,15,3386,
ASBV_Prediction,bmi,pearson_r,0.817075467496527,long_seq,activity_romberg_closed,,,,,male,regression,Body Mass Index (weight/height^2),0.0,,15,3386,
ASBV_Prediction,total_scan_vat_area,pearson_r,0.7401155567731137,long_seq,activity_romberg_closed,,,,,all,regression,"Visceral adipose tissue (VAT) area measured from DXA scan in square centimeters, representing the cross-sectional area of internal abdominal fat",0.0,,15,3287,
ASBV_Prediction,total_scan_vat_area,pearson_r,0.7304934993652837,long_seq,activity_romberg_closed,,,,,female,regression,"Visceral adipose tissue (VAT) area measured from DXA scan in square centimeters, representing the cross-sectional area of internal abdominal fat",1.5413853112685636e-276,,15,3287,
ASBV_Prediction,total_scan_vat_area,pearson_r,0.7226675348765235,long_seq,activity_romberg_closed,,,,,male,regression,"Visceral adipose tissue (VAT) area measured from DXA scan in square centimeters, representing the cross-sectional area of internal abdominal fat",1.5643521318593337e-252,,15,3287,
ASBV_Prediction,age,pearson_r,0.40894210105428314,long_seq,activity_romberg_closed,,,,,female,regression,Age of subject at time of measurement in years,1.323389681168339e-69,,15,3387,
ASBV_Prediction,age,pearson_r,0.408134397400678,long_seq,activity_romberg_closed,,,,,all,regression,Age of subject at time of measurement in years,5.811677270847721e-134,,15,3387,
ASBV_Prediction,age,pearson_r,0.40298288403544774,long_seq,activity_romberg_closed,,,,,male,regression,Age of subject at time of measurement in years,7.384308451783575e-64,,15,3387,
ASBV_Prediction,gender,auc,0.9938753465251888,long_seq,activity_self_selected_gait_speed,,,,,all,categorical,"Gender of subject (1=male, 2=female)",,,15,3257,1585.0
ASBV_Prediction,bmi,pearson_r,0.8733480798717712,long_seq,activity_self_selected_gait_speed,,,,,female,regression,Body Mass Index (weight/height^2),0.0,,15,3256,
ASBV_Prediction,bmi,pearson_r,0.8604135996465766,long_seq,activity_self_selected_gait_speed,,,,,all,regression,Body Mass Index (weight/height^2),0.0,,15,3256,
ASBV_Prediction,bmi,pearson_r,0.8375690676894549,long_seq,activity_self_selected_gait_speed,,,,,male,regression,Body Mass Index (weight/height^2),0.0,,15,3256,
ASBV_Prediction,total_scan_vat_area,pearson_r,0.7750614054988217,long_seq,activity_self_selected_gait_speed,,,,,all,regression,"Visceral adipose tissue (VAT) area measured from DXA scan in square centimeters, representing the cross-sectional area of internal abdominal fat",0.0,,15,3164,
ASBV_Prediction,total_scan_vat_area,pearson_r,0.7727223997711039,long_seq,activity_self_selected_gait_speed,,,,,male,regression,"Visceral adipose tissue (VAT) area measured from DXA scan in square centimeters, representing the cross-sectional area of internal abdominal fat",2.233375634379114e-304,,15,3164,
ASBV_Prediction,total_scan_vat_area,pearson_r,0.7222893420023291,long_seq,activity_self_selected_gait_speed,,,,,female,regression,"Visceral adipose tissue (VAT) area measured from DXA scan in square centimeters, representing the cross-sectional area of internal abdominal fat",1.3979544128855487e-255,,15,3164,
ASBV_Prediction,age,pearson_r,0.6397200863525812,long_seq,activity_self_selected_gait_speed,,,,,male,regression,Age of subject at time of measurement in years,2.9451002390131333e-179,,15,3257,
ASBV_Prediction,age,pearson_r,0.6098784426039501,long_seq,activity_self_selected_gait_speed,,,,,all,regression,Age of subject at time of measurement in years,1.5e-323,,15,3257,
ASBV_Prediction,age,pearson_r,0.5811571185837465,long_seq,activity_self_selected_gait_speed,,,,,female,regression,Age of subject at time of measurement in years,1.0538185437492204e-148,,15,3257,
ASBV_Prediction,gender,auc,0.9913444072259441,long_seq,activity_sit_to_stand,,,,,all,categorical,"Gender of subject (1=male, 2=female)",,,15,3396,1644.0
ASBV_Prediction,bmi,pearson_r,0.825161814498594,long_seq,activity_sit_to_stand,,,,,female,regression,Body Mass Index (weight/height^2),0.0,,15,3395,
ASBV_Prediction,bmi,pearson_r,0.8173162942042502,long_seq,activity_sit_to_stand,,,,,all,regression,Body Mass Index (weight/height^2),0.0,,15,3395,
ASBV_Prediction,bmi,pearson_r,0.7988886461034814,long_seq,activity_sit_to_stand,,,,,male,regression,Body Mass Index (weight/height^2),0.0,,15,3395,
ASBV_Prediction,total_scan_vat_area,pearson_r,0.7213934555778596,long_seq,activity_sit_to_stand,,,,,all,regression,"Visceral adipose tissue (VAT) area measured from DXA scan in square centimeters, representing the cross-sectional area of internal abdominal fat",0.0,,15,3296,
ASBV_Prediction,total_scan_vat_area,pearson_r,0.6973107390012114,long_seq,activity_sit_to_stand,,,,,male,regression,"Visceral adipose tissue (VAT) area measured from DXA scan in square centimeters, representing the cross-sectional area of internal abdominal fat",3.386928440611242e-231,,15,3296,
ASBV_Prediction,total_scan_vat_area,pearson_r,0.6954856243353255,long_seq,activity_sit_to_stand,,,,,female,regression,"Visceral adipose tissue (VAT) area measured from DXA scan in square centimeters, representing the cross-sectional area of internal abdominal fat",6.79656987243744e-238,,15,3296,
ASBV_Prediction,age,pearson_r,0.5123360988030251,long_seq,activity_sit_to_stand,,,,,male,regression,Age of subject at time of measurement in years,2.1253175294976987e-107,,15,3396,
ASBV_Prediction,age,pearson_r,0.5021979825081196,long_seq,activity_sit_to_stand,,,,,all,regression,Age of subject at time of measurement in years,3.2549938149060535e-211,,15,3396,
ASBV_Prediction,age,pearson_r,0.4922721416656955,long_seq,activity_sit_to_stand,,,,,female,regression,Age of subject at time of measurement in years,2.6892832077906015e-103,,15,3396,
ASBV_Prediction,gender,auc,0.9922828132078252,long_seq,activity_stationary_walk,,,,,all,categorical,"Gender of subject (1=male, 2=female)",,,15,3395,1643.0
ASBV_Prediction,bmi,pearson_r,0.8677390822450438,long_seq,activity_stationary_walk,,,,,female,regression,Body Mass Index (weight/height^2),0.0,,15,3394,
ASBV_Prediction,bmi,pearson_r,0.866996319130427,long_seq,activity_stationary_walk,,,,,all,regression,Body Mass Index (weight/height^2),0.0,,15,3394,
ASBV_Prediction,bmi,pearson_r,0.8618902266552249,long_seq,activity_stationary_walk,,,,,male,regression,Body Mass Index (weight/height^2),0.0,,15,3394,
ASBV_Prediction,total_scan_vat_area,pearson_r,0.7935750792575329,long_seq,activity_stationary_walk,,,,,all,regression,"Visceral adipose tissue (VAT) area measured from DXA scan in square centimeters, representing the cross-sectional area of internal abdominal fat",0.0,,15,3295,
ASBV_Prediction,total_scan_vat_area,pearson_r,0.7878366564876695,long_seq,activity_stationary_walk,,,,,male,regression,"Visceral adipose tissue (VAT) area measured from DXA scan in square centimeters, representing the cross-sectional area of internal abdominal fat",0.0,,15,3295,
ASBV_Prediction,total_scan_vat_area,pearson_r,0.7657382151192341,long_seq,activity_stationary_walk,,,,,female,regression,"Visceral adipose tissue (VAT) area measured from DXA scan in square centimeters, representing the cross-sectional area of internal abdominal fat",3.6629903e-317,,15,3295,
ASBV_Prediction,age,pearson_r,0.5843925075786487,long_seq,activity_stationary_walk,,,,,male,regression,Age of subject at time of measurement in years,2.131581839425535e-147,,15,3395,
ASBV_Prediction,age,pearson_r,0.5736443428837192,long_seq,activity_stationary_walk,,,,,all,regression,Age of subject at time of measurement in years,3.3850785869240083e-293,,15,3395,
ASBV_Prediction,age,pearson_r,0.5640670511692571,long_seq,activity_stationary_walk,,,,,female,regression,Age of subject at time of measurement in years,2.5951628173828798e-145,,15,3395,
ASBV_Prediction,gender,auc,0.994241406778892,long_seq,activity_tm_3kmh,,,,,all,categorical,"Gender of subject (1=male, 2=female)",,,15,3189,1567.0
ASBV_Prediction,bmi,pearson_r,0.8733448698139299,long_seq,activity_tm_3kmh,,,,,female,regression,Body Mass Index (weight/height^2),0.0,,15,3188,
ASBV_Prediction,bmi,pearson_r,0.8617474745065732,long_seq,activity_tm_3kmh,,,,,all,regression,Body Mass Index (weight/height^2),0.0,,15,3188,
ASBV_Prediction,bmi,pearson_r,0.8404210660076442,long_seq,activity_tm_3kmh,,,,,male,regression,Body Mass Index (weight/height^2),0.0,,15,3188,
ASBV_Prediction,total_scan_vat_area,pearson_r,0.7757640845092368,long_seq,activity_tm_3kmh,,,,,all,regression,"Visceral adipose tissue (VAT) area measured from DXA scan in square centimeters, representing the cross-sectional area of internal abdominal fat",0.0,,15,3101,
ASBV_Prediction,total_scan_vat_area,pearson_r,0.770318020432578,long_seq,activity_tm_3kmh,,,,,male,regression,"Visceral adipose tissue (VAT) area measured from DXA scan in square centimeters, representing the cross-sectional area of internal abdominal fat",4.390391784730102e-300,,15,3101,
ASBV_Prediction,total_scan_vat_area,pearson_r,0.7235376457524068,long_seq,activity_tm_3kmh,,,,,female,regression,"Visceral adipose tissue (VAT) area measured from DXA scan in square centimeters, representing the cross-sectional area of internal abdominal fat",6.01809585591737e-250,,15,3101,
ASBV_Prediction,age,pearson_r,0.6437201569353262,long_seq,activity_tm_3kmh,,,,,male,regression,Age of subject at time of measurement in years,1.641626879023954e-179,,15,3189,
ASBV_Prediction,age,pearson_r,0.6237645263925683,long_seq,activity_tm_3kmh,,,,,all,regression,Age of subject at time of measurement in years,0.0,,15,3189,
ASBV_Prediction,age,pearson_r,0.6050122892164224,long_seq,activity_tm_3kmh,,,,,female,regression,Age of subject at time of measurement in years,2.168683928811841e-160,,15,3189,
ASBV_Prediction,gender,auc,0.9973340369990958,long_seq,ensemble,,,,,all,categorical,"Gender of subject (1=male, 2=female)",,,15,3405,1646.0
ASBV_Prediction,bmi,pearson_r,0.9099723795158211,long_seq,ensemble,,,,,female,regression,Body Mass Index (weight/height^2),0.0,,15,3404,
ASBV_Prediction,bmi,pearson_r,0.9065302782405501,long_seq,ensemble,,,,,all,regression,Body Mass Index (weight/height^2),0.0,,15,3404,
ASBV_Prediction,bmi,pearson_r,0.897741451776352,long_seq,ensemble,,,,,male,regression,Body Mass Index (weight/height^2),0.0,,15,3404,
ASBV_Prediction,total_scan_vat_area,pearson_r,0.8185064234533808,long_seq,ensemble,,,,,all,regression,"Visceral adipose tissue (VAT) area measured from DXA scan in square centimeters, representing the cross-sectional area of internal abdominal fat",0.0,,15,3305,
ASBV_Prediction,total_scan_vat_area,pearson_r,0.8141004752227678,long_seq,ensemble,,,,,male,regression,"Visceral adipose tissue (VAT) area measured from DXA scan in square centimeters, representing the cross-sectional area of internal abdominal fat",0.0,,15,3305,
ASBV_Prediction,total_scan_vat_area,pearson_r,0.7973690009969935,long_seq,ensemble,,,,,female,regression,"Visceral adipose tissue (VAT) area measured from DXA scan in square centimeters, representing the cross-sectional area of internal abdominal fat",0.0,,15,3305,
ASBV_Prediction,age,pearson_r,0.7020236222210311,long_seq,ensemble,,,,,male,regression,Age of subject at time of measurement in years,1.0797395447949298e-240,,15,3405,
ASBV_Prediction,age,pearson_r,0.6890429151476717,long_seq,ensemble,,,,,all,regression,Age of subject at time of measurement in years,0.0,,15,3405,
ASBV_Prediction,age,pearson_r,0.6762682124491318,long_seq,ensemble,,,,,female,regression,Age of subject at time of measurement in years,1.4516964185832676e-230,,15,3405,
ASBV_Prediction,gender,auc,0.9905259196038987,long_seq,long_seq_main,,,,,all,categorical,"Gender of subject (1=male, 2=female)",,,15,3328,8080.0
ASBV_Prediction,bmi,pearson_r,0.8547836301751234,long_seq,long_seq_main,,,,,female,regression,Body Mass Index (weight/height^2),0.0,,15,3327,
ASBV_Prediction,bmi,pearson_r,0.8474572980965921,long_seq,long_seq_main,,,,,all,regression,Body Mass Index (weight/height^2),0.0,,15,3327,
ASBV_Prediction,bmi,pearson_r,0.8301682843864893,long_seq,long_seq_main,,,,,male,regression,Body Mass Index (weight/height^2),0.0,,15,3327,
ASBV_Prediction,total_scan_vat_area,pearson_r,0.7608684359707936,long_seq,long_seq_main,,,,,all,regression,"Visceral adipose tissue (VAT) area measured from DXA scan in square centimeters, representing the cross-sectional area of internal abdominal fat",0.0,,15,3228,
ASBV_Prediction,total_scan_vat_area,pearson_r,0.7492571505400953,long_seq,long_seq_main,,,,,male,regression,"Visceral adipose tissue (VAT) area measured from DXA scan in square centimeters, representing the cross-sectional area of internal abdominal fat",0.0,,15,3228,
ASBV_Prediction,total_scan_vat_area,pearson_r,0.7276371833346525,long_seq,long_seq_main,,,,,female,regression,"Visceral adipose tissue (VAT) area measured from DXA scan in square centimeters, representing the cross-sectional area of internal abdominal fat",0.0,,15,3228,
ASBV_Prediction,age,pearson_r,0.5591766463106691,long_seq,long_seq_main,,,,,male,regression,Age of subject at time of measurement in years,0.0,,15,3328,
ASBV_Prediction,age,pearson_r,0.5456532527045912,long_seq,long_seq_main,,,,,all,regression,Age of subject at time of measurement in years,0.0,,15,3328,
ASBV_Prediction,age,pearson_r,0.5313171354832271,long_seq,long_seq_main,,,,,female,regression,Age of subject at time of measurement in years,0.0,,15,3328,
