endpoint,system,gender,top_percent,n_folds,n_mean,n_positive_mean,baseline_auc_selected,gait_auc_selected,delta_auc_selected,auc_selection_fdr,sensitivity_base_top10,sensitivity_gait_top10,delta_sensitivity_top10,fold_change_sensitivity_top10,specificity_base_top10,specificity_gait_top10,delta_specificity_top10,paired_t_pvalue,paired_t_pvalue_fdr,fdr_significant_gain_q_lt_0p1,display_endpoint
Psoriasis,medical_conditions,female,10,10,1759.0,46.0,0.4205563592984592,0.5414150498950704,0.12085869059661118,0.00537109375,0.028260869565217388,0.17826086956521742,0.15000000000000002,6.307692307692309,0.8980151780502043,0.9020431990659663,0.004028021015762051,2.3894421256164208e-06,4.5399400386711995e-05,True,Psoriasis
OTHERGYNECOLOGICALSinATC,medications,female,10,10,1759.0,16.0,0.3193165519219735,0.5470920213682577,0.22777546944628407,0.00537109375,0.01875,0.0875,0.06874999999999999,4.666666666666667,0.8991967871485944,0.8998278829604132,0.0006310958118187493,0.0010978741643921947,0.004171921824690341,True,Other gynecologicals in ATC
Perimenopausal Disorders,medical_conditions,female,10,10,1759.0,16.0,0.5549680866322433,0.6133614966807484,0.05839341004850499,0.00537109375,0.0375,0.1625,0.125,4.333333333333334,0.8993689041881812,0.9005163511187607,0.0011474469305795543,0.0010538712570165528,0.004171921824690341,True,Perimenopausal Disorders
HORMONEANTAGONISTSANDRELATEDAGENTS,medications,female,10,10,1759.0,20.0,0.5048936170212766,0.5853377598152425,0.08044414279396592,0.0060221354166666,0.05,0.16499999999999998,0.11499999999999998,3.2999999999999994,0.8993674525589418,0.9006900517538815,0.001322599194939711,9.93502899680325e-06,9.438277546963087e-05,True,Hormone antagonists and related agents
Peptic Ulcer Disease,medical_conditions,female,10,10,1759.0,25.0,0.5322129255626082,0.6169670202849659,0.0847540947223577,0.0057051809210526,0.07307692307692307,0.19615384615384612,0.12307692307692306,2.6842105263157894,0.8995383727639933,0.9013848817080208,0.0018465089440274918,0.00010738957086648265,0.0006801339488210567,True,Peptic Ulcer Disease
Urinary Tract Stones,medical_conditions,female,10,10,1759.0,19.0,0.3934042553191489,0.5956697459584295,0.2022654906392806,0.00677490234375,0.02,0.04,0.02,2.0,0.8990224266820009,0.8992524439332948,0.00023001725129390138,0.16785065605707486,0.27040580303980866,False,Urinary Tract Stones
IRONANTIANEMICPREPARATIONS,medications,female,10,10,1759.0,48.0,0.5021164423639555,0.5464811678981938,0.0443647255342383,0.00537109375,0.08800000000000001,0.142,0.05399999999999998,1.6136363636363633,0.8995904037448799,0.9011702750146284,0.0015798712697485673,0.007630072569375827,0.018121422352267588,True,IRONANTIANEMICPREPARATIONS
Fractures,medical_conditions,female,10,10,1759.0,139.0,0.5054365151950665,0.5390267693115212,0.0335902541164546,0.0060221354166666,0.09014084507042253,0.11549295774647887,0.025352112676056346,1.2812500000000002,0.8990723562152135,0.9012987012987013,0.002226345083487735,0.009990684849755092,0.021091445793927417,True,Fractures
ADRENERGICSINHALANTS,medications,female,10,10,1759.0,18.0,0.410761695066692,0.5461238747816741,0.135362179714982,0.00537109375,0.1,0.1277777777777778,0.02777777777777779,1.277777777777778,0.899942561746123,0.9002297530155083,0.0002871912693853673,0.4401575296513456,0.5236627530536606,False,Adrenergics inhalants
ANTIDEPRESSANTS,medications,female,10,10,1759.0,143.0,0.5451693084181564,0.5911443972120098,0.04597508879385339,0.00537109375,0.1217687074829932,0.15170068027210884,0.029931972789115635,1.2458100558659218,0.9019230769230768,0.904652605459057,0.0027295285359801857,0.005985722301796029,0.016246960533446365,True,Antidepressants
Headache,medical_conditions,female,10,10,1759.0,53.0,0.5132462562764051,0.5742687559354226,0.0610224996590175,0.00537109375,0.14339622641509434,0.1679245283018868,0.024528301886792475,1.1710526315789476,0.9012895662368114,0.9020515826494726,0.0007620164126611595,0.0037277347283079464,0.011804493306308497,True,Headache
PSYCHOSTIMULANTSAGENTSUSEDFORADHDANDNOOTROPICS,medications,female,10,10,1759.0,36.0,0.666758560650029,0.6908944347713935,0.0241358741213645,0.041691706730769204,0.18888888888888888,0.21388888888888888,0.024999999999999994,1.1323529411764706,0.9017991874637261,0.9023215322112597,0.000522344747533543,0.17078261244619494,0.27040580303980866,False,PSYCHOSTIMULANTSAGENTSUSEDFORADHDANDNOOTROPICS
Depression,medical_conditions,female,10,10,1759.0,66.0,0.5615825129578738,0.6044648137196924,0.0428823007618186,0.0057051809210526,0.14852941176470588,0.16029411764705884,0.011764705882352955,1.0792079207920793,0.9018923713778829,0.9023654642223538,0.0004730928444708349,0.4664289130256465,0.5236627530536606,False,Depression
Asthma,medical_conditions,female,10,10,1759.0,99.0,0.5351840696117804,0.5679438967993186,0.032759827187538,0.0057051809210526,0.16363636363636364,0.17171717171717168,0.00808080808080805,1.0493827160493825,0.9037349397590362,0.9042168674698795,0.00048192771084332175,0.5248137861577167,0.5248137861577167,False,Asthma
IBS,medical_conditions,female,10,10,1759.0,65.0,0.6121196984833348,0.6461360448807854,0.0340163463974505,0.00537109375,0.3092307692307692,0.29230769230769227,-0.01692307692307693,0.945273631840796,0.9079693034238489,0.9073199527744983,-0.0006493506493505663,0.0483518642946535,0.09186854215984165,False,IBS
Oral apthae,medical_conditions,female,10,10,1759.0,59.0,0.509057288601138,0.5632354685646501,0.05417817996351211,0.007226562499999899,0.09666666666666668,0.08666666666666667,-0.010000000000000009,0.8965517241379309,0.8998234255444378,0.8994702766333138,-0.0003531489111240349,0.23927242482697833,0.3247268622651848,False,Oral apthae
Diabetes,medical_conditions,female,10,10,1759.0,22.0,0.5315931334066049,0.5792118071910818,0.04761867378447691,0.0057051809210526,0.15454545454545454,0.1318181818181818,-0.022727272727272735,0.8529411764705882,0.9006332757628094,0.9003454231433506,-0.0002878526194587394,0.47507092495719483,0.5236627530536606,False,Diabetes
ANTIHISTAMINESFORSYSTEMICUSE,medications,female,10,10,1759.0,19.0,0.5549364791288568,0.5789016548319263,0.0239651757030695,0.0471297554347826,0.1526315789473684,0.12105263157894737,-0.031578947368421026,0.7931034482758622,0.9005172413793103,0.9001724137931035,-0.0003448275862067973,0.1934220596033321,0.28269377942025464,False,Antihistamines for systemic use
PROGESTOGENSEXHORMONESANDMODULATORSOFTHEGENITALSYSTEM,medications,female,10,10,1759.0,21.0,0.4034851224724642,0.6115716304692682,0.208086507996804,0.00537109375,0.04285714285714286,0.02857142857142857,-0.014285714285714287,0.6666666666666666,0.8992520138089757,0.899079401611047,-0.00017261219792863436,0.4961015555245206,0.5236627530536606,False,"Progestogens, sex hormones and modulators of the genital system"
Vitiligo,medical_conditions,male,10,10,1646.0,13.0,0.4196264543784444,0.5663944163944165,0.1467679620159719,0.0052425986842105,0.023076923076923078,0.13846153846153847,0.11538461538461539,6.0,0.8991426821800367,0.9000612369871404,0.0009185548071036775,0.00034226399836478254,0.0020535839901886952,True,Vitiligo
ADRENERGICSINHALANTS,medications,male,10,10,1646.0,13.0,0.3886287625418059,0.5429699088789998,0.1543411463371938,0.0038311298076922997,0.046153846153846156,0.11538461538461538,0.06923076923076922,2.4999999999999996,0.8993263931414575,0.8998775260257194,0.0005511328842618957,0.09465570582843714,0.16226692427732084,False,Adrenergics inhalants
Diabetes,medical_conditions,male,10,10,1646.0,30.0,0.46714418316831685,0.5597752858789116,0.0926311027105947,0.0038311298076922997,0.08,0.14666666666666667,0.06666666666666667,1.8333333333333333,0.8993811881188118,0.9006188118811881,0.0012376237623762387,0.0015498859117018232,0.006199543646807293,True,Diabetes
Depression,medical_conditions,male,10,10,1646.0,40.0,0.5489943960149439,0.6603210933094503,0.1113266972945064,0.0038311298076922997,0.12,0.21749999999999997,0.09749999999999998,1.8124999999999998,0.9002490660024908,0.9026774595267746,0.0024283935242838117,0.0017353674317147733,0.006247322754173184,True,Depression
Psoriasis,medical_conditions,male,10,10,1646.0,42.0,0.4862761251632823,0.5329153812983048,0.04663925613502261,0.0038311298076922997,0.054761904761904755,0.09047619047619046,0.035714285714285705,1.6521739130434783,0.89856608478803,0.899501246882793,0.0009351620947629646,0.009106153759546399,0.027318461278639197,True,Psoriasis
DRUGSFORPEPTICULCERANDGASTROOESOPHAGEALREFLUXDISEASEGORD,medications,male,10,10,1646.0,59.0,0.6244293820933164,0.6793926019335854,0.0549632198402689,0.0045276988636363,0.11166666666666666,0.16999999999999998,0.05833333333333332,1.5223880597014925,0.9001891551071879,0.9023959646910468,0.002206809583858882,0.0002516871658017187,0.0020535839901886952,True,Drugs for peptic ulcer and gastro-oesophageal reflux disease (GORD)
Sleep_disorder_any,medical_conditions_grouped,male,10,10,1646.0,74.0,0.5611882028431996,0.5748415022278802,0.013653299384680701,0.0732421875,0.14,0.2066666666666667,0.06666666666666668,1.4761904761904763,0.901654996817314,0.9048376830044559,0.003182686187141903,1.1683873213483997e-05,0.0004206194356854239,True,Sleep_disorder_any
ANTIDEPRESSANTS,medications,male,10,10,1646.0,82.0,0.5228877120767137,0.5662325581395349,0.043344846062821095,0.0038311298076922997,0.12168674698795182,0.1746987951807229,0.05301204819277108,1.4356435643564356,0.900895713371721,0.9037108125399872,0.0028150991682661664,0.00030985088613392776,0.0020535839901886952,True,Antidepressants
Anal Fissure,medical_conditions,male,10,10,1646.0,88.0,0.4235075692659239,0.5368373109856075,0.1133297417196834,0.0038311298076922997,0.06666666666666668,0.09444444444444444,0.027777777777777762,1.4166666666666663,0.8978149100257069,0.8994215938303342,0.0016066838046272514,0.052177242798819065,0.11514873681176072,False,Anal Fissure
Headache,medical_conditions,male,10,10,1646.0,25.0,0.4761835232668565,0.5884281971898072,0.11224467392295072,0.005859375,0.09615384615384617,0.1346153846153846,0.038461538461538436,1.3999999999999997,0.8996913580246912,0.9003086419753086,0.0006172839506173311,0.06290250798993899,0.11918369934935809,False,Headache
Renal Stones,medical_conditions,male,10,10,1646.0,17.0,0.4715018235655218,0.5378024100818692,0.0663005865163474,0.0191556490384615,0.07647058823529412,0.10588235294117647,0.029411764705882346,1.3846153846153846,0.8995089011663596,0.899815837937385,0.00030693677102533456,0.24433314386747926,0.325777525156639,False,Renal Stones
Fractures,medical_conditions,male,10,10,1646.0,151.0,0.4822022887626914,0.5376240862948907,0.0554217975321993,0.0038311298076922997,0.0737179487179487,0.10192307692307694,0.02820512820512823,1.3826086956521744,0.8969798657718119,0.8999328859060401,0.002953020134228268,0.008110458879867012,0.026543319970473857,True,Fractures
Glaucoma,medical_conditions,male,10,10,1646.0,13.0,0.6333105657355504,0.6763531018889255,0.043042536153375,0.08650287828947359,0.16153846153846155,0.2230769230769231,0.06153846153846154,1.380952380952381,0.900244947948561,0.9007348438456828,0.0004898958971217837,0.05283944651707043,0.11514873681176072,False,Glaucoma
Back Pain,medical_conditions,male,10,10,1646.0,295.0,0.5560560214403043,0.5791628895009201,0.023106868060615703,0.0045276988636363,0.10830564784053157,0.1345514950166113,0.026245847176079723,1.2423312883435582,0.9015613382899629,0.9074349442379182,0.005873605947955274,7.281895744155346e-05,0.0008738274892986414,True,Back Pain
OTHERMINERALSUPPLEMENTSinATC,medications,male,10,10,1646.0,139.0,0.5769419976129211,0.5917042200469246,0.0147622224340034,0.0045276988636363,0.14693877551020407,0.17959183673469387,0.0326530612244898,1.2222222222222223,0.904336224149433,0.9075383589059373,0.0032021347565042158,4.88799624277908e-05,0.0008738274892986414,True,OTHERMINERALSUPPLEMENTSinATC
ANTIHISTAMINESFORSYSTEMICUSE,medications,male,10,10,1646.0,14.0,0.6016806722689074,0.668364650616559,0.0666839783476515,0.0038311298076922997,0.2571428571428572,0.3071428571428571,0.04999999999999993,1.1944444444444442,0.9011029411764706,0.9015318627450981,0.00042892156862750497,0.2569460968200084,0.3303592673400108,False,Antihistamines for systemic use
Haemorrhoids,medical_conditions,male,10,10,1646.0,294.0,0.5352533587608954,0.5470365699873898,0.0117832112264943,0.0047433035714285,0.09475409836065574,0.10918032786885246,0.01442622950819672,1.1522491349480968,0.8985085756897837,0.9017897091722595,0.0032811334824758287,0.0009218490741603937,0.004148320833721772,True,Haemorrhoids
Gastrointestinal_any,medical_conditions_grouped,male,10,10,1646.0,370.0,0.5148014489031745,0.5341745228312014,0.019373073928026795,0.0045276988636363,0.09371727748691099,0.10732984293193717,0.01361256544502619,1.1452513966480449,0.8977848101265822,0.9018987341772151,0.004113924050632933,0.0005995939404413205,0.003083625979412505,True,Gastrointestinal_any
Insomnia,medical_conditions,male,10,10,1646.0,23.0,0.48977202711028955,0.5310954816709292,0.04132345456063959,0.0038311298076922997,0.12173913043478261,0.1391304347826087,0.017391304347826084,1.1428571428571428,0.9000616142945163,0.9003080714725815,0.00024645717806526246,0.462036004631047,0.5735619367833686,False,Insomnia
Peptic Ulcer Disease,medical_conditions,male,10,10,1646.0,28.0,0.500378521314482,0.5748841678232093,0.07450564650872708,0.0047433035714285,0.09655172413793103,0.10689655172413795,0.010344827586206917,1.1071428571428574,0.8996907854050711,0.8998763141620284,0.00018552875695732052,0.6470046758624779,0.7513602687435227,False,Peptic Ulcer Disease
Anemia,medical_conditions,male,10,10,1646.0,31.0,0.4250019361833953,0.5389548417132215,0.11395290552982622,0.0045276988636363,0.053125,0.05625,0.0031250000000000028,1.0588235294117647,0.8988228004956629,0.8988847583643121,6.1957868649265e-05,0.8402276669135291,0.8896528237907956,False,Anemia
Osteoarthritis,medical_conditions,male,10,10,1646.0,27.0,0.6449545901676846,0.6802423241084952,0.03528773394081051,0.010485197368421,0.2074074074074074,0.2111111111111111,0.003703703703703709,1.0178571428571428,0.9015441630636196,0.9016059295861641,6.17665225445263e-05,0.8321269898606535,0.8896528237907956,False,Osteoarthritis
Sleep Apnea,medical_conditions,male,10,10,1646.0,51.0,0.6278086092076054,0.6433737852342503,0.015565176026644801,0.09130859375,0.1846153846153846,0.18461538461538465,5.551115123125783e-17,1.0000000000000002,0.902509410288582,0.902509410288582,0.0,0.9999999999999996,1.0,False,Sleep Apnea
Heart valve disease,medical_conditions,male,10,10,1646.0,23.0,0.48412762195611975,0.5627750939345144,0.0786474719783945,0.0045276988636363,0.07391304347826086,0.07391304347826086,0.0,1.0,0.8993838570548366,0.8993838570548366,0.0,1.0,1.0,False,Heart valve disease
Musculoskeletal_any,medical_conditions_grouped,male,10,10,1646.0,429.0,0.5253957080281502,0.5454186191785578,0.0200229111504076,0.0045276988636363,0.11252847380410022,0.10728929384965831,-0.005239179954441911,0.9534412955465588,0.9042253521126759,0.9023198011599005,-0.0019055509527753367,0.09011205896246997,0.16220170613244594,False,Musculoskeletal_any
Asthma,medical_conditions,male,10,10,1646.0,90.0,0.524038489003142,0.558099528099528,0.034061039096386005,0.0047433035714285,0.11777777777777779,0.11111111111111112,-0.006666666666666668,0.9433962264150944,0.9007712082262211,0.9003856041131104,-0.00038560411311072684,0.5024914360312474,0.6029897232374969,False,Asthma
VITAMINAANDDINCLCOMBINATIONSOFTHETWO,medications,male,10,10,1646.0,157.0,0.6072503866228496,0.6148362491139892,0.0075858624911396,0.0110677083333333,0.16666666666666669,0.15595238095238093,-0.01071428571428576,0.9357142857142855,0.9073071718538568,0.9060893098782138,-0.0012178619756429976,0.057574368405880365,0.11514873681176072,False,Vitamin A and D incl. combinations of the two
IRONANTIANEMICPREPARATIONS,medications,male,10,10,1646.0,21.0,0.45546959706959705,0.5573742540494458,0.10190465697984878,0.0038311298076922997,0.05714285714285714,0.052380952380952375,-0.004761904761904766,0.9166666666666666,0.8991999999999999,0.8991384615384614,-6.153846153844622e-05,0.7803523356242351,0.8778963775772645,False,IRONANTIANEMICPREPARATIONS
Sinusitis,medical_conditions,male,10,10,1646.0,37.0,0.509933986192532,0.6103261418329912,0.1003921556404592,0.0045276988636363,0.16756756756756758,0.15135135135135136,-0.016216216216216217,0.9032258064516129,0.9013051584835301,0.9009322560596644,-0.00037290242386567307,0.19342205960333228,0.2678151594507678,False,Sinusitis
DRUGSAFFECTINGBONESTRUCTUREANDMINERALIZATION,medications,male,10,10,1646.0,11.0,0.7020127884348069,0.7744063492063492,0.07239356077154238,0.0038311298076922997,0.29999999999999993,0.26363636363636356,-0.036363636363636376,0.8787878787878787,0.9011009174311926,0.9008562691131499,-0.00024464831804271725,0.16785065605707492,0.24170494472218787,False,DRUGSAFFECTINGBONESTRUCTUREANDMINERALIZATION
LIPIDMODIFYINGAGENTSCOMBINATIONS,medications,male,10,10,1646.0,40.0,0.6891228206724783,0.7121392133172237,0.0230163926447455,0.0052425986842105,0.2,0.16499999999999998,-0.03500000000000003,0.8249999999999998,0.9022415940224159,0.9013698630136988,-0.0008717310087170693,0.055214533401941594,0.11514873681176072,False,"Lipid modifying agents, combinations"
ASCORBICACIDVITAMINCINCLCOMBINATIONS,medications,male,10,10,1646.0,31.0,0.5735514764565044,0.587636815920398,0.0140853394638935,0.054073660714285696,0.15999999999999998,0.13142857142857142,-0.028571428571428553,0.8214285714285715,0.9010552451893235,0.9004345127250156,-0.0006207324643078271,0.15819542053877858,0.23729313080816786,False,Ascorbic acid vitamin C incl. combinations
VITAMINBn1nPLAINANDINCOMBINATIONWITHVITAMINBn6nANDBn12n,medications,male,10,10,1646.0,12.0,0.5859350091968116,0.6714058379558061,0.08547082875899428,0.0038311298076922997,0.2,0.16,-0.04000000000000001,0.7999999999999999,0.9006744328632742,0.9003065603923973,-0.00036787247087688435,0.14045297087829434,0.2198394326790694,False,VITAMINBn1nPLAINANDINCOMBINATIONWITHVITAMINBn6nANDBn12n
B12 Deficiency,medical_conditions,male,10,10,1646.0,53.0,0.5434231805929918,0.5613050229543612,0.0178818423613695,0.02178955078125,0.1285714285714286,0.09642857142857142,-0.03214285714285717,0.7499999999999999,0.9007547169811321,0.8996226415094339,-0.0011320754716981352,0.011953286996060856,0.03310141014293776,False,B12 Deficiency
DRUGSUSEDINBENIGNPROSTATICHYPERTROPHY,medications,male,10,10,1646.0,38.0,0.560773379286136,0.5998833772665548,0.0391099979804188,0.0047433035714285,0.19743589743589746,0.14102564102564102,-0.05641025641025643,0.7142857142857142,0.9021157436216554,0.9007467330429371,-0.0013690105787182993,0.019065356473909063,0.04902520236148045,False,DRUGSUSEDINBENIGNPROSTATICHYPERTROPHY
HYPNOTICSANDSEDATIVES,medications,male,10,10,1646.0,22.0,0.39614587998208683,0.5256611825481496,0.1295153025660629,0.005859375,0.05454545454545454,0.02727272727272727,-0.02727272727272727,0.5,0.8991379310344827,0.898768472906404,-0.000369458128078648,0.11137324638262758,0.18224713044429966,False,Hypnotics and sedatives
