activity,gender,target,duration_seconds,pearson_r,source
tm_3kmh,all,age,2,0.5223166766960943,duration
tm_3kmh,all,age,2,0.5184320880433625,duration
tm_3kmh,all,age,2,0.513880984760867,duration
tm_3kmh,all,age,2,0.5099366630878199,duration
tm_3kmh,all,age,2,0.5129865521704359,duration
tm_3kmh,all,age,2,0.5198953469468286,duration
tm_3kmh,all,age,2,0.5123726015967369,duration
tm_3kmh,all,age,2,0.5179679106472328,duration
tm_3kmh,all,age,2,0.5210750217257519,duration
tm_3kmh,all,age,2,0.5189225537511869,duration
tm_3kmh,all,age,5,0.5448485534951901,duration
tm_3kmh,all,age,5,0.5478389409688055,duration
tm_3kmh,all,age,5,0.5387428851315227,duration
tm_3kmh,all,age,5,0.5340034797355148,duration
tm_3kmh,all,age,5,0.5412403575716187,duration
tm_3kmh,all,age,5,0.545103286035659,duration
tm_3kmh,all,age,5,0.5397176711477507,duration
tm_3kmh,all,age,5,0.5367663123024137,duration
tm_3kmh,all,age,5,0.5493313292469622,duration
tm_3kmh,all,age,5,0.5441961700267042,duration
tm_3kmh,all,age,10,0.5665640291289246,duration
tm_3kmh,all,age,10,0.5585899833675486,duration
tm_3kmh,all,age,10,0.5589163473697981,duration
tm_3kmh,all,age,10,0.5525291880875421,duration
tm_3kmh,all,age,10,0.554715875188716,duration
tm_3kmh,all,age,10,0.5606929976383035,duration
tm_3kmh,all,age,10,0.557793880844751,duration
tm_3kmh,all,age,10,0.5532519009462217,duration
tm_3kmh,all,age,10,0.5601327769226679,duration
tm_3kmh,all,age,10,0.5623100020034334,duration
tm_3kmh,all,age,15,0.5785390519501575,duration
tm_3kmh,all,age,15,0.5715097899096,duration
tm_3kmh,all,age,15,0.5763627992190617,duration
tm_3kmh,all,age,15,0.5707711988560815,duration
tm_3kmh,all,age,15,0.5708780820802228,duration
tm_3kmh,all,age,15,0.57406572641021,duration
tm_3kmh,all,age,15,0.5772976018122828,duration
tm_3kmh,all,age,15,0.5752114074064302,duration
tm_3kmh,all,age,15,0.5758227959784533,duration
tm_3kmh,all,age,15,0.5785433070961029,duration
tm_3kmh,all,age,30,0.594373934611495,duration
tm_3kmh,all,age,30,0.5894563737144753,duration
tm_3kmh,all,age,30,0.5886564239497314,duration
tm_3kmh,all,age,30,0.5883337961441031,duration
tm_3kmh,all,age,30,0.5852638626368818,duration
tm_3kmh,all,age,30,0.592660609235931,duration
tm_3kmh,all,age,30,0.5944824138552012,duration
tm_3kmh,all,age,30,0.5905001950345087,duration
tm_3kmh,all,age,30,0.5920880534746961,duration
tm_3kmh,all,age,30,0.5925627510396747,duration
tm_3kmh,all,age,60,0.6100836351577378,duration
tm_3kmh,all,age,60,0.6025790800227329,duration
tm_3kmh,all,age,60,0.6038983680777477,duration
tm_3kmh,all,age,60,0.6014764031157938,duration
tm_3kmh,all,age,60,0.5983983000292153,duration
tm_3kmh,all,age,60,0.6096156349794639,duration
tm_3kmh,all,age,60,0.6073271273582177,duration
tm_3kmh,all,age,60,0.6086974765178524,duration
tm_3kmh,all,age,60,0.6086969344463978,duration
tm_3kmh,all,age,60,0.609151701566026,duration
tm_3kmh,all,age,180,0.6386883893995899,long_seq_180
tm_3kmh,all,age,180,0.6327111131663221,long_seq_180
tm_3kmh,all,age,180,0.6292507462503227,long_seq_180
tm_3kmh,all,age,180,0.6323845015894823,long_seq_180
tm_3kmh,all,age,180,0.6321054055556568,long_seq_180
tm_3kmh,all,age,180,0.6352511426765722,long_seq_180
tm_3kmh,all,age,180,0.6336663572147343,long_seq_180
tm_3kmh,all,age,180,0.6329259827291612,long_seq_180
tm_3kmh,all,age,180,0.6344739515934134,long_seq_180
tm_3kmh,all,age,180,0.6359892080248645,long_seq_180
tm_3kmh,all,age,180,0.6372621828397891,long_seq_180
tm_3kmh,all,age,180,0.6380636942963419,long_seq_180
tm_3kmh,all,age,180,0.6320651680854151,long_seq_180
tm_3kmh,all,age,180,0.6375336497939782,long_seq_180
tm_3kmh,all,age,180,0.639452286908141,long_seq_180
tm_3kmh,all,bmi,2,0.8355335198126577,duration
tm_3kmh,all,bmi,2,0.8331471105312417,duration
tm_3kmh,all,bmi,2,0.8319614322145583,duration
tm_3kmh,all,bmi,2,0.8350238435140933,duration
tm_3kmh,all,bmi,2,0.8353443631191979,duration
tm_3kmh,all,bmi,2,0.8355773263398765,duration
tm_3kmh,all,bmi,2,0.8323516516746233,duration
tm_3kmh,all,bmi,2,0.8327453907587471,duration
tm_3kmh,all,bmi,2,0.833144186547458,duration
tm_3kmh,all,bmi,2,0.8313220274042356,duration
tm_3kmh,all,bmi,5,0.8439892516637366,duration
tm_3kmh,all,bmi,5,0.8412936331562303,duration
tm_3kmh,all,bmi,5,0.840451889285612,duration
tm_3kmh,all,bmi,5,0.8418428183331852,duration
tm_3kmh,all,bmi,5,0.8436109219211407,duration
tm_3kmh,all,bmi,5,0.8409729364826802,duration
tm_3kmh,all,bmi,5,0.8399962060669302,duration
tm_3kmh,all,bmi,5,0.8412179439280785,duration
tm_3kmh,all,bmi,5,0.8399099029420763,duration
tm_3kmh,all,bmi,5,0.8409365529782776,duration
tm_3kmh,all,bmi,10,0.8499693384906309,duration
tm_3kmh,all,bmi,10,0.8489560888848536,duration
tm_3kmh,all,bmi,10,0.8490304407715795,duration
tm_3kmh,all,bmi,10,0.8508370124721423,duration
tm_3kmh,all,bmi,10,0.8499529704067812,duration
tm_3kmh,all,bmi,10,0.8497159335883804,duration
tm_3kmh,all,bmi,10,0.8488518844389261,duration
tm_3kmh,all,bmi,10,0.84934946735079,duration
tm_3kmh,all,bmi,10,0.8483814567428934,duration
tm_3kmh,all,bmi,10,0.8479761682043933,duration
tm_3kmh,all,bmi,15,0.8531856056444606,duration
tm_3kmh,all,bmi,15,0.853132229154908,duration
tm_3kmh,all,bmi,15,0.8521499313089578,duration
tm_3kmh,all,bmi,15,0.8548105173131709,duration
tm_3kmh,all,bmi,15,0.8528549829225879,duration
tm_3kmh,all,bmi,15,0.8535269189887125,duration
tm_3kmh,all,bmi,15,0.8532926217107197,duration
tm_3kmh,all,bmi,15,0.852814604685696,duration
tm_3kmh,all,bmi,15,0.8514937784224381,duration
tm_3kmh,all,bmi,15,0.851210334636558,duration
tm_3kmh,all,bmi,30,0.858379829857828,duration
tm_3kmh,all,bmi,30,0.8585257810676172,duration
tm_3kmh,all,bmi,30,0.857550654538678,duration
tm_3kmh,all,bmi,30,0.8606066728827817,duration
tm_3kmh,all,bmi,30,0.8578676119192962,duration
tm_3kmh,all,bmi,30,0.8588415486450867,duration
tm_3kmh,all,bmi,30,0.8582146276295384,duration
tm_3kmh,all,bmi,30,0.8586256549673997,duration
tm_3kmh,all,bmi,30,0.8564784659333652,duration
tm_3kmh,all,bmi,30,0.8558801354696287,duration
tm_3kmh,all,bmi,60,0.8637731031169387,duration
tm_3kmh,all,bmi,60,0.8647803785052319,duration
tm_3kmh,all,bmi,60,0.8595446175061846,duration
tm_3kmh,all,bmi,60,0.8638108676491985,duration
tm_3kmh,all,bmi,60,0.8646402761415557,duration
tm_3kmh,all,bmi,60,0.8632480727053282,duration
tm_3kmh,all,bmi,60,0.8640936788855716,duration
tm_3kmh,all,bmi,60,0.8637495251171231,duration
tm_3kmh,all,bmi,60,0.8618479315596789,duration
tm_3kmh,all,bmi,60,0.8596956804864984,duration
tm_3kmh,all,bmi,180,0.8745481475757133,long_seq_180
tm_3kmh,all,bmi,180,0.8757098115342017,long_seq_180
tm_3kmh,all,bmi,180,0.8734875344439869,long_seq_180
tm_3kmh,all,bmi,180,0.8744470210548221,long_seq_180
tm_3kmh,all,bmi,180,0.8743449339749167,long_seq_180
tm_3kmh,all,bmi,180,0.8746610323151675,long_seq_180
tm_3kmh,all,bmi,180,0.8754014470844281,long_seq_180
tm_3kmh,all,bmi,180,0.8748347137807787,long_seq_180
tm_3kmh,all,bmi,180,0.8726779908864383,long_seq_180
tm_3kmh,all,bmi,180,0.8722340500964021,long_seq_180
tm_3kmh,all,bmi,180,0.8735034038377175,long_seq_180
tm_3kmh,all,bmi,180,0.8739631426937549,long_seq_180
tm_3kmh,all,bmi,180,0.8752751996378648,long_seq_180
tm_3kmh,all,bmi,180,0.873507326427789,long_seq_180
tm_3kmh,all,bmi,180,0.8750460495855223,long_seq_180
tm_3kmh,all,total_scan_vat_area,2,0.7357424282540977,duration
tm_3kmh,all,total_scan_vat_area,2,0.7381417556663388,duration
tm_3kmh,all,total_scan_vat_area,2,0.7400686510748574,duration
tm_3kmh,all,total_scan_vat_area,2,0.7394682263202856,duration
tm_3kmh,all,total_scan_vat_area,2,0.7397986115445525,duration
tm_3kmh,all,total_scan_vat_area,2,0.7393142026962726,duration
tm_3kmh,all,total_scan_vat_area,2,0.73927986436831,duration
tm_3kmh,all,total_scan_vat_area,2,0.7379353934188992,duration
tm_3kmh,all,total_scan_vat_area,2,0.7403068233967146,duration
tm_3kmh,all,total_scan_vat_area,2,0.7412137235643912,duration
tm_3kmh,all,total_scan_vat_area,5,0.7458695490291237,duration
tm_3kmh,all,total_scan_vat_area,5,0.746399117014251,duration
tm_3kmh,all,total_scan_vat_area,5,0.7517956486774469,duration
tm_3kmh,all,total_scan_vat_area,5,0.7490222833992858,duration
tm_3kmh,all,total_scan_vat_area,5,0.7470534412220168,duration
tm_3kmh,all,total_scan_vat_area,5,0.7504378330386272,duration
tm_3kmh,all,total_scan_vat_area,5,0.7469268462780998,duration
tm_3kmh,all,total_scan_vat_area,5,0.7482443750301221,duration
tm_3kmh,all,total_scan_vat_area,5,0.7489902391792385,duration
tm_3kmh,all,total_scan_vat_area,5,0.7479124570576198,duration
tm_3kmh,all,total_scan_vat_area,10,0.754327486601884,duration
tm_3kmh,all,total_scan_vat_area,10,0.7514868492618699,duration
tm_3kmh,all,total_scan_vat_area,10,0.7593283896320089,duration
tm_3kmh,all,total_scan_vat_area,10,0.7541548411711675,duration
tm_3kmh,all,total_scan_vat_area,10,0.7528958487107253,duration
tm_3kmh,all,total_scan_vat_area,10,0.7563122643589734,duration
tm_3kmh,all,total_scan_vat_area,10,0.7526840777749408,duration
tm_3kmh,all,total_scan_vat_area,10,0.7559906761064319,duration
tm_3kmh,all,total_scan_vat_area,10,0.7545639274167356,duration
tm_3kmh,all,total_scan_vat_area,10,0.7537827294091577,duration
tm_3kmh,all,total_scan_vat_area,15,0.7586873276157978,duration
tm_3kmh,all,total_scan_vat_area,15,0.7584335607892954,duration
tm_3kmh,all,total_scan_vat_area,15,0.7653783225516082,duration
tm_3kmh,all,total_scan_vat_area,15,0.7614648781736164,duration
tm_3kmh,all,total_scan_vat_area,15,0.759892610197485,duration
tm_3kmh,all,total_scan_vat_area,15,0.7628336686363201,duration
tm_3kmh,all,total_scan_vat_area,15,0.75991209903094,duration
tm_3kmh,all,total_scan_vat_area,15,0.7623757905463137,duration
tm_3kmh,all,total_scan_vat_area,15,0.7614683507292473,duration
tm_3kmh,all,total_scan_vat_area,15,0.7603896941641289,duration
tm_3kmh,all,total_scan_vat_area,30,0.7609849251203616,duration
tm_3kmh,all,total_scan_vat_area,30,0.7629949175465808,duration
tm_3kmh,all,total_scan_vat_area,30,0.7710701419081878,duration
tm_3kmh,all,total_scan_vat_area,30,0.7656630765961224,duration
tm_3kmh,all,total_scan_vat_area,30,0.7650682933553684,duration
tm_3kmh,all,total_scan_vat_area,30,0.7675379962898671,duration
tm_3kmh,all,total_scan_vat_area,30,0.7639909709410316,duration
tm_3kmh,all,total_scan_vat_area,30,0.7674278199389357,duration
tm_3kmh,all,total_scan_vat_area,30,0.7636293007020977,duration
tm_3kmh,all,total_scan_vat_area,30,0.7649713297932998,duration
tm_3kmh,all,total_scan_vat_area,60,0.7583072884366108,duration
tm_3kmh,all,total_scan_vat_area,60,0.7642457161635144,duration
tm_3kmh,all,total_scan_vat_area,60,0.7701079354461629,duration
tm_3kmh,all,total_scan_vat_area,60,0.7647949854362024,duration
tm_3kmh,all,total_scan_vat_area,60,0.7649609942130945,duration
tm_3kmh,all,total_scan_vat_area,60,0.7660213898073681,duration
tm_3kmh,all,total_scan_vat_area,60,0.7613007859774545,duration
tm_3kmh,all,total_scan_vat_area,60,0.7638106451190352,duration
tm_3kmh,all,total_scan_vat_area,60,0.7641141754129637,duration
tm_3kmh,all,total_scan_vat_area,60,0.7627998332609336,duration
tm_3kmh,all,total_scan_vat_area,180,0.8028413682011064,long_seq_180
tm_3kmh,all,total_scan_vat_area,180,0.805615510395109,long_seq_180
tm_3kmh,all,total_scan_vat_area,180,0.8101827059121054,long_seq_180
tm_3kmh,all,total_scan_vat_area,180,0.8052907029182934,long_seq_180
tm_3kmh,all,total_scan_vat_area,180,0.8068572186824723,long_seq_180
tm_3kmh,all,total_scan_vat_area,180,0.8092253206723858,long_seq_180
tm_3kmh,all,total_scan_vat_area,180,0.805161369571283,long_seq_180
tm_3kmh,all,total_scan_vat_area,180,0.8080705436337029,long_seq_180
tm_3kmh,all,total_scan_vat_area,180,0.804024624592081,long_seq_180
tm_3kmh,all,total_scan_vat_area,180,0.805524762534895,long_seq_180
tm_3kmh,all,total_scan_vat_area,180,0.8056997778920709,long_seq_180
tm_3kmh,all,total_scan_vat_area,180,0.8064772660956843,long_seq_180
tm_3kmh,all,total_scan_vat_area,180,0.8066487129642658,long_seq_180
tm_3kmh,all,total_scan_vat_area,180,0.8039441221981253,long_seq_180
tm_3kmh,all,total_scan_vat_area,180,0.8056284641170796,long_seq_180
tm_3kmh,all,hr_bpm,2,0.241322380246128,duration
tm_3kmh,all,hr_bpm,2,0.2323587334011189,duration
tm_3kmh,all,hr_bpm,2,0.2312442758010002,duration
tm_3kmh,all,hr_bpm,2,0.2439924158226083,duration
tm_3kmh,all,hr_bpm,2,0.2378410129774808,duration
tm_3kmh,all,hr_bpm,2,0.2345003764288238,duration
tm_3kmh,all,hr_bpm,2,0.2340967154482703,duration
tm_3kmh,all,hr_bpm,2,0.2364738459548352,duration
tm_3kmh,all,hr_bpm,2,0.2318908438792425,duration
tm_3kmh,all,hr_bpm,2,0.23926830667418,duration
tm_3kmh,all,hr_bpm,5,0.2579244069202786,duration
tm_3kmh,all,hr_bpm,5,0.2419702792776649,duration
tm_3kmh,all,hr_bpm,5,0.2486748834569049,duration
tm_3kmh,all,hr_bpm,5,0.248804903269326,duration
tm_3kmh,all,hr_bpm,5,0.2492543492268435,duration
tm_3kmh,all,hr_bpm,5,0.2462023094388137,duration
tm_3kmh,all,hr_bpm,5,0.2441784316428205,duration
tm_3kmh,all,hr_bpm,5,0.2498385753060777,duration
tm_3kmh,all,hr_bpm,5,0.2533298144118899,duration
tm_3kmh,all,hr_bpm,5,0.2499025395386929,duration
tm_3kmh,all,hr_bpm,10,0.2549612584731368,duration
tm_3kmh,all,hr_bpm,10,0.241119915812954,duration
tm_3kmh,all,hr_bpm,10,0.2560954062460804,duration
tm_3kmh,all,hr_bpm,10,0.2480432378870713,duration
tm_3kmh,all,hr_bpm,10,0.2572278051125967,duration
tm_3kmh,all,hr_bpm,10,0.2440483423100386,duration
tm_3kmh,all,hr_bpm,10,0.2444179201391425,duration
tm_3kmh,all,hr_bpm,10,0.2370408924617445,duration
tm_3kmh,all,hr_bpm,10,0.2349528873967646,duration
tm_3kmh,all,hr_bpm,10,0.2498655874001387,duration
tm_3kmh,all,hr_bpm,15,0.2536287470677752,duration
tm_3kmh,all,hr_bpm,15,0.2498550056444186,duration
tm_3kmh,all,hr_bpm,15,0.2537888064226133,duration
tm_3kmh,all,hr_bpm,15,0.245380365713852,duration
tm_3kmh,all,hr_bpm,15,0.2570398024438655,duration
tm_3kmh,all,hr_bpm,15,0.2486962207939907,duration
tm_3kmh,all,hr_bpm,15,0.2438635973385313,duration
tm_3kmh,all,hr_bpm,15,0.2422687667387243,duration
tm_3kmh,all,hr_bpm,15,0.2390155253323438,duration
tm_3kmh,all,hr_bpm,15,0.2515204007447721,duration
tm_3kmh,all,hr_bpm,30,0.2422773417944586,duration
tm_3kmh,all,hr_bpm,30,0.2506677379156533,duration
tm_3kmh,all,hr_bpm,30,0.2470784968086896,duration
tm_3kmh,all,hr_bpm,30,0.2472699415179742,duration
tm_3kmh,all,hr_bpm,30,0.2608821946473205,duration
tm_3kmh,all,hr_bpm,30,0.2414077663925601,duration
tm_3kmh,all,hr_bpm,30,0.2457612626563445,duration
tm_3kmh,all,hr_bpm,30,0.2393657828200238,duration
tm_3kmh,all,hr_bpm,30,0.2433854170780157,duration
tm_3kmh,all,hr_bpm,30,0.2516337959973107,duration
tm_3kmh,all,hr_bpm,60,0.2372104130739178,duration
tm_3kmh,all,hr_bpm,60,0.2129302949164221,duration
tm_3kmh,all,hr_bpm,60,0.2123530452947677,duration
tm_3kmh,all,hr_bpm,60,0.2235975349204057,duration
tm_3kmh,all,hr_bpm,60,0.2252845208877819,duration
tm_3kmh,all,hr_bpm,60,0.2136727020120601,duration
tm_3kmh,all,hr_bpm,60,0.2014147179430636,duration
tm_3kmh,all,hr_bpm,60,0.2328695183469758,duration
tm_3kmh,all,hr_bpm,60,0.214291793734297,duration
tm_3kmh,all,hr_bpm,60,0.211749831283708,duration
tm_3kmh,all,hr_bpm,180,0.315603924699757,long_seq_180
tm_3kmh,all,hr_bpm,180,0.3287870921674403,long_seq_180
tm_3kmh,all,hr_bpm,180,0.3227523684755728,long_seq_180
tm_3kmh,all,hr_bpm,180,0.3224417381349555,long_seq_180
tm_3kmh,all,hr_bpm,180,0.3306861884112907,long_seq_180
tm_3kmh,all,hr_bpm,180,0.3227701893061053,long_seq_180
tm_3kmh,all,hr_bpm,180,0.319107787915892,long_seq_180
tm_3kmh,all,hr_bpm,180,0.3188464417219159,long_seq_180
tm_3kmh,all,hr_bpm,180,0.3107260094290643,long_seq_180
tm_3kmh,all,hr_bpm,180,0.3238636143611612,long_seq_180
tm_3kmh,all,hr_bpm,180,0.331146692643722,long_seq_180
tm_3kmh,all,hr_bpm,180,0.3236778007366779,long_seq_180
tm_3kmh,all,hr_bpm,180,0.3183609369463071,long_seq_180
tm_3kmh,all,hr_bpm,180,0.3184462016563659,long_seq_180
tm_3kmh,all,hr_bpm,180,0.3328553574046049,long_seq_180
tm_3kmh,all,liver_elasticity,2,0.3219405996164417,duration
tm_3kmh,all,liver_elasticity,2,0.3148521449497966,duration
tm_3kmh,all,liver_elasticity,2,0.314288645144782,duration
tm_3kmh,all,liver_elasticity,2,0.3207578876828661,duration
tm_3kmh,all,liver_elasticity,2,0.3070935097241258,duration
tm_3kmh,all,liver_elasticity,2,0.3055392400535225,duration
tm_3kmh,all,liver_elasticity,2,0.3211460310177619,duration
tm_3kmh,all,liver_elasticity,2,0.3049174633781645,duration
tm_3kmh,all,liver_elasticity,2,0.32187565402334,duration
tm_3kmh,all,liver_elasticity,2,0.3135847378302634,duration
tm_3kmh,all,liver_elasticity,5,0.3191918605150621,duration
tm_3kmh,all,liver_elasticity,5,0.3186307053083054,duration
tm_3kmh,all,liver_elasticity,5,0.3188401572940342,duration
tm_3kmh,all,liver_elasticity,5,0.3196441473841192,duration
tm_3kmh,all,liver_elasticity,5,0.3113220260748485,duration
tm_3kmh,all,liver_elasticity,5,0.3094425126448202,duration
tm_3kmh,all,liver_elasticity,5,0.3258690200221716,duration
tm_3kmh,all,liver_elasticity,5,0.3082161796451644,duration
tm_3kmh,all,liver_elasticity,5,0.320647056043186,duration
tm_3kmh,all,liver_elasticity,5,0.3207955848063787,duration
tm_3kmh,all,liver_elasticity,10,0.3103103151436594,duration
tm_3kmh,all,liver_elasticity,10,0.3074799490293833,duration
tm_3kmh,all,liver_elasticity,10,0.3099265605593651,duration
tm_3kmh,all,liver_elasticity,10,0.3197583961116425,duration
tm_3kmh,all,liver_elasticity,10,0.3026059024694254,duration
tm_3kmh,all,liver_elasticity,10,0.2884851730185837,duration
tm_3kmh,all,liver_elasticity,10,0.3162094115123172,duration
tm_3kmh,all,liver_elasticity,10,0.3014812689243156,duration
tm_3kmh,all,liver_elasticity,10,0.3089546349751411,duration
tm_3kmh,all,liver_elasticity,10,0.3026350843101652,duration
tm_3kmh,all,liver_elasticity,15,0.3216352925220184,duration
tm_3kmh,all,liver_elasticity,15,0.3273140478433761,duration
tm_3kmh,all,liver_elasticity,15,0.3272887342616368,duration
tm_3kmh,all,liver_elasticity,15,0.3279131963868122,duration
tm_3kmh,all,liver_elasticity,15,0.3200975169560668,duration
tm_3kmh,all,liver_elasticity,15,0.3129276041029661,duration
tm_3kmh,all,liver_elasticity,15,0.3328130507265219,duration
tm_3kmh,all,liver_elasticity,15,0.3165129093512754,duration
tm_3kmh,all,liver_elasticity,15,0.3250463458814501,duration
tm_3kmh,all,liver_elasticity,15,0.3200658034313761,duration
tm_3kmh,all,liver_elasticity,30,0.3380554380330004,duration
tm_3kmh,all,liver_elasticity,30,0.3426581312590056,duration
tm_3kmh,all,liver_elasticity,30,0.3350305891288846,duration
tm_3kmh,all,liver_elasticity,30,0.3301372610238051,duration
tm_3kmh,all,liver_elasticity,30,0.3262219225983152,duration
tm_3kmh,all,liver_elasticity,30,0.3259647478818894,duration
tm_3kmh,all,liver_elasticity,30,0.3452256720777776,duration
tm_3kmh,all,liver_elasticity,30,0.3336464986547184,duration
tm_3kmh,all,liver_elasticity,30,0.3306456822048451,duration
tm_3kmh,all,liver_elasticity,30,0.3301479824445998,duration
tm_3kmh,all,liver_elasticity,60,0.3223883042423929,duration
tm_3kmh,all,liver_elasticity,60,0.3215815951978619,duration
tm_3kmh,all,liver_elasticity,60,0.3184046175863186,duration
tm_3kmh,all,liver_elasticity,60,0.3170872296282424,duration
tm_3kmh,all,liver_elasticity,60,0.3087585588280666,duration
tm_3kmh,all,liver_elasticity,60,0.3062485429712704,duration
tm_3kmh,all,liver_elasticity,60,0.3264124085713563,duration
tm_3kmh,all,liver_elasticity,60,0.3232820826428508,duration
tm_3kmh,all,liver_elasticity,60,0.3163980718953811,duration
tm_3kmh,all,liver_elasticity,60,0.3074072140662948,duration
tm_3kmh,all,liver_elasticity,180,0.3937735720576037,long_seq_180
tm_3kmh,all,liver_elasticity,180,0.3877710199925008,long_seq_180
tm_3kmh,all,liver_elasticity,180,0.3898100487296327,long_seq_180
tm_3kmh,all,liver_elasticity,180,0.3865479485128559,long_seq_180
tm_3kmh,all,liver_elasticity,180,0.385752816565389,long_seq_180
tm_3kmh,all,liver_elasticity,180,0.3857420163303924,long_seq_180
tm_3kmh,all,liver_elasticity,180,0.3898464377867714,long_seq_180
tm_3kmh,all,liver_elasticity,180,0.3830574089632962,long_seq_180
tm_3kmh,all,liver_elasticity,180,0.3818926716178977,long_seq_180
tm_3kmh,all,liver_elasticity,180,0.3793448786298781,long_seq_180
tm_3kmh,all,liver_elasticity,180,0.3807825296794699,long_seq_180
tm_3kmh,all,liver_elasticity,180,0.3903070356439176,long_seq_180
tm_3kmh,all,liver_elasticity,180,0.3907679424363549,long_seq_180
tm_3kmh,all,liver_elasticity,180,0.3875236616104958,long_seq_180
tm_3kmh,all,liver_elasticity,180,0.3838200505350733,long_seq_180
self_selected_gait_speed,all,age,2,0.5194885860469813,duration
self_selected_gait_speed,all,age,2,0.5197741362107569,duration
self_selected_gait_speed,all,age,2,0.5178091234794332,duration
self_selected_gait_speed,all,age,2,0.5093840974324796,duration
self_selected_gait_speed,all,age,2,0.5141251020620506,duration
self_selected_gait_speed,all,age,2,0.5135812429162809,duration
self_selected_gait_speed,all,age,2,0.5181369114794969,duration
self_selected_gait_speed,all,age,2,0.5118010795216488,duration
self_selected_gait_speed,all,age,2,0.5177240345047938,duration
self_selected_gait_speed,all,age,2,0.5206984754395164,duration
self_selected_gait_speed,all,age,5,0.5520561583051741,duration
self_selected_gait_speed,all,age,5,0.5509454999192933,duration
self_selected_gait_speed,all,age,5,0.5507794111162535,duration
self_selected_gait_speed,all,age,5,0.5412286757925264,duration
self_selected_gait_speed,all,age,5,0.5491420931228423,duration
self_selected_gait_speed,all,age,5,0.550640391833806,duration
self_selected_gait_speed,all,age,5,0.5536038989252474,duration
self_selected_gait_speed,all,age,5,0.5517287812067591,duration
self_selected_gait_speed,all,age,5,0.5550438045568391,duration
self_selected_gait_speed,all,age,5,0.5505516482575544,duration
self_selected_gait_speed,all,age,10,0.5735502007893419,duration
self_selected_gait_speed,all,age,10,0.5700723825351789,duration
self_selected_gait_speed,all,age,10,0.574988535847584,duration
self_selected_gait_speed,all,age,10,0.5615663068208769,duration
self_selected_gait_speed,all,age,10,0.5715517484038592,duration
self_selected_gait_speed,all,age,10,0.5712175901932933,duration
self_selected_gait_speed,all,age,10,0.573078797545439,duration
self_selected_gait_speed,all,age,10,0.5723648314341487,duration
self_selected_gait_speed,all,age,10,0.571236024158061,duration
self_selected_gait_speed,all,age,10,0.5752832721551242,duration
self_selected_gait_speed,all,age,15,0.5806736170510525,duration
self_selected_gait_speed,all,age,15,0.57567385207537,duration
self_selected_gait_speed,all,age,15,0.5819374757200506,duration
self_selected_gait_speed,all,age,15,0.5695348036006678,duration
self_selected_gait_speed,all,age,15,0.5786929218851392,duration
self_selected_gait_speed,all,age,15,0.5767569239088429,duration
self_selected_gait_speed,all,age,15,0.5776846841132895,duration
self_selected_gait_speed,all,age,15,0.5807194462482694,duration
self_selected_gait_speed,all,age,15,0.5770877362207377,duration
self_selected_gait_speed,all,age,15,0.578099072537894,duration
self_selected_gait_speed,all,age,30,0.5911153203810825,duration
self_selected_gait_speed,all,age,30,0.5839524359861051,duration
self_selected_gait_speed,all,age,30,0.5888749872678964,duration
self_selected_gait_speed,all,age,30,0.5804913719314373,duration
self_selected_gait_speed,all,age,30,0.586455632214811,duration
self_selected_gait_speed,all,age,30,0.5884923020286447,duration
self_selected_gait_speed,all,age,30,0.5906451748038474,duration
self_selected_gait_speed,all,age,30,0.5894122906500251,duration
self_selected_gait_speed,all,age,30,0.5868866247883958,duration
self_selected_gait_speed,all,age,30,0.59052324885209,duration
self_selected_gait_speed,all,age,60,0.5897177979979086,duration
self_selected_gait_speed,all,age,60,0.5851565973587192,duration
self_selected_gait_speed,all,age,60,0.5898322351393745,duration
self_selected_gait_speed,all,age,60,0.5791174112800662,duration
self_selected_gait_speed,all,age,60,0.5816476021910445,duration
self_selected_gait_speed,all,age,60,0.5958232155870598,duration
self_selected_gait_speed,all,age,60,0.5884446037075157,duration
self_selected_gait_speed,all,age,60,0.5939577109866763,duration
self_selected_gait_speed,all,age,60,0.5949752410943844,duration
self_selected_gait_speed,all,age,60,0.5909860097912116,duration
self_selected_gait_speed,all,bmi,2,0.8344768659326536,duration
self_selected_gait_speed,all,bmi,2,0.8326331079448266,duration
self_selected_gait_speed,all,bmi,2,0.8330130984524904,duration
self_selected_gait_speed,all,bmi,2,0.8333218676673871,duration
self_selected_gait_speed,all,bmi,2,0.8335608604508461,duration
self_selected_gait_speed,all,bmi,2,0.8338877577057763,duration
self_selected_gait_speed,all,bmi,2,0.8300676319044774,duration
self_selected_gait_speed,all,bmi,2,0.8330061775320264,duration
self_selected_gait_speed,all,bmi,2,0.830837600235985,duration
self_selected_gait_speed,all,bmi,2,0.8319349131647746,duration
self_selected_gait_speed,all,bmi,5,0.8415615736089499,duration
self_selected_gait_speed,all,bmi,5,0.8396519342569214,duration
self_selected_gait_speed,all,bmi,5,0.8403736570111958,duration
self_selected_gait_speed,all,bmi,5,0.8402054692638184,duration
self_selected_gait_speed,all,bmi,5,0.8418728256806863,duration
self_selected_gait_speed,all,bmi,5,0.8398146330935978,duration
self_selected_gait_speed,all,bmi,5,0.8375597125836753,duration
self_selected_gait_speed,all,bmi,5,0.837700623862091,duration
self_selected_gait_speed,all,bmi,5,0.8370275337925638,duration
self_selected_gait_speed,all,bmi,5,0.8384250483275034,duration
self_selected_gait_speed,all,bmi,10,0.8468193394267913,duration
self_selected_gait_speed,all,bmi,10,0.8459113366664959,duration
self_selected_gait_speed,all,bmi,10,0.8454927173197615,duration
self_selected_gait_speed,all,bmi,10,0.8469072114792076,duration
self_selected_gait_speed,all,bmi,10,0.8447814312752004,duration
self_selected_gait_speed,all,bmi,10,0.8464045635169726,duration
self_selected_gait_speed,all,bmi,10,0.8438357557919526,duration
self_selected_gait_speed,all,bmi,10,0.8447728898254596,duration
self_selected_gait_speed,all,bmi,10,0.8428722879591112,duration
self_selected_gait_speed,all,bmi,10,0.8457938760137365,duration
self_selected_gait_speed,all,bmi,15,0.8484842651983935,duration
self_selected_gait_speed,all,bmi,15,0.8482436135643244,duration
self_selected_gait_speed,all,bmi,15,0.8470218074816012,duration
self_selected_gait_speed,all,bmi,15,0.8493514095651308,duration
self_selected_gait_speed,all,bmi,15,0.8478679718608443,duration
self_selected_gait_speed,all,bmi,15,0.8470607488603044,duration
self_selected_gait_speed,all,bmi,15,0.84739659359012,duration
self_selected_gait_speed,all,bmi,15,0.8471432308283462,duration
self_selected_gait_speed,all,bmi,15,0.844985548303545,duration
self_selected_gait_speed,all,bmi,15,0.8478515975981461,duration
self_selected_gait_speed,all,bmi,30,0.854712676697258,duration
self_selected_gait_speed,all,bmi,30,0.8537374512581705,duration
self_selected_gait_speed,all,bmi,30,0.8537353150040996,duration
self_selected_gait_speed,all,bmi,30,0.8546327050223395,duration
self_selected_gait_speed,all,bmi,30,0.8538187994083215,duration
self_selected_gait_speed,all,bmi,30,0.8546151080957068,duration
self_selected_gait_speed,all,bmi,30,0.852704285802272,duration
self_selected_gait_speed,all,bmi,30,0.853110804837285,duration
self_selected_gait_speed,all,bmi,30,0.8500805027467736,duration
self_selected_gait_speed,all,bmi,30,0.8532855701382698,duration
self_selected_gait_speed,all,bmi,60,0.8635061050344526,duration
self_selected_gait_speed,all,bmi,60,0.8639997276922096,duration
self_selected_gait_speed,all,bmi,60,0.8602531056050112,duration
self_selected_gait_speed,all,bmi,60,0.862656646132768,duration
self_selected_gait_speed,all,bmi,60,0.8628377059669055,duration
self_selected_gait_speed,all,bmi,60,0.861302843229804,duration
self_selected_gait_speed,all,bmi,60,0.8609152908862933,duration
self_selected_gait_speed,all,bmi,60,0.8620251157380533,duration
self_selected_gait_speed,all,bmi,60,0.8592550717661365,duration
self_selected_gait_speed,all,bmi,60,0.859108956101475,duration
self_selected_gait_speed,all,total_scan_vat_area,2,0.7469685200839491,duration
self_selected_gait_speed,all,total_scan_vat_area,2,0.7448356295659732,duration
self_selected_gait_speed,all,total_scan_vat_area,2,0.743818642104048,duration
self_selected_gait_speed,all,total_scan_vat_area,2,0.7493547556696777,duration
self_selected_gait_speed,all,total_scan_vat_area,2,0.7481873901046969,duration
self_selected_gait_speed,all,total_scan_vat_area,2,0.7467393661289563,duration
self_selected_gait_speed,all,total_scan_vat_area,2,0.7475294450137189,duration
self_selected_gait_speed,all,total_scan_vat_area,2,0.7460555096006533,duration
self_selected_gait_speed,all,total_scan_vat_area,2,0.7488965239110447,duration
self_selected_gait_speed,all,total_scan_vat_area,2,0.7487322376937591,duration
self_selected_gait_speed,all,total_scan_vat_area,5,0.7526162716026408,duration
self_selected_gait_speed,all,total_scan_vat_area,5,0.7507834486223932,duration
self_selected_gait_speed,all,total_scan_vat_area,5,0.7544396921341187,duration
self_selected_gait_speed,all,total_scan_vat_area,5,0.7540064084714132,duration
self_selected_gait_speed,all,total_scan_vat_area,5,0.7518411819269584,duration
self_selected_gait_speed,all,total_scan_vat_area,5,0.7543431036964069,duration
self_selected_gait_speed,all,total_scan_vat_area,5,0.7518824775047532,duration
self_selected_gait_speed,all,total_scan_vat_area,5,0.7523563271299499,duration
self_selected_gait_speed,all,total_scan_vat_area,5,0.7551117309028107,duration
self_selected_gait_speed,all,total_scan_vat_area,5,0.7539005092643145,duration
self_selected_gait_speed,all,total_scan_vat_area,10,0.7574950035949486,duration
self_selected_gait_speed,all,total_scan_vat_area,10,0.7542653184752518,duration
self_selected_gait_speed,all,total_scan_vat_area,10,0.7608847481844072,duration
self_selected_gait_speed,all,total_scan_vat_area,10,0.7569899712956331,duration
self_selected_gait_speed,all,total_scan_vat_area,10,0.7562289266856628,duration
self_selected_gait_speed,all,total_scan_vat_area,10,0.7589677069378687,duration
self_selected_gait_speed,all,total_scan_vat_area,10,0.7559296218770877,duration
self_selected_gait_speed,all,total_scan_vat_area,10,0.7568074779746548,duration
self_selected_gait_speed,all,total_scan_vat_area,10,0.7581147747365369,duration
self_selected_gait_speed,all,total_scan_vat_area,10,0.7577023137330547,duration
self_selected_gait_speed,all,total_scan_vat_area,15,0.7594778442140315,duration
self_selected_gait_speed,all,total_scan_vat_area,15,0.7569262764148603,duration
self_selected_gait_speed,all,total_scan_vat_area,15,0.7647226953091457,duration
self_selected_gait_speed,all,total_scan_vat_area,15,0.7620869022684823,duration
self_selected_gait_speed,all,total_scan_vat_area,15,0.7588786847966427,duration
self_selected_gait_speed,all,total_scan_vat_area,15,0.7626615532573578,duration
self_selected_gait_speed,all,total_scan_vat_area,15,0.7601152062169978,duration
self_selected_gait_speed,all,total_scan_vat_area,15,0.7619795191997704,duration
self_selected_gait_speed,all,total_scan_vat_area,15,0.7613082108963196,duration
self_selected_gait_speed,all,total_scan_vat_area,15,0.7591759454265408,duration
self_selected_gait_speed,all,total_scan_vat_area,30,0.76411340497922,duration
self_selected_gait_speed,all,total_scan_vat_area,30,0.7639705547131255,duration
self_selected_gait_speed,all,total_scan_vat_area,30,0.7704783052841837,duration
self_selected_gait_speed,all,total_scan_vat_area,30,0.7673329201912583,duration
self_selected_gait_speed,all,total_scan_vat_area,30,0.7667195917779887,duration
self_selected_gait_speed,all,total_scan_vat_area,30,0.7683965195496514,duration
self_selected_gait_speed,all,total_scan_vat_area,30,0.7668706475548366,duration
self_selected_gait_speed,all,total_scan_vat_area,30,0.7682180922535472,duration
self_selected_gait_speed,all,total_scan_vat_area,30,0.7647681046146861,duration
self_selected_gait_speed,all,total_scan_vat_area,30,0.7649151767913993,duration
self_selected_gait_speed,all,total_scan_vat_area,60,0.7614276257982794,duration
self_selected_gait_speed,all,total_scan_vat_area,60,0.7651347715550724,duration
self_selected_gait_speed,all,total_scan_vat_area,60,0.7687644863867704,duration
self_selected_gait_speed,all,total_scan_vat_area,60,0.7678098618324888,duration
self_selected_gait_speed,all,total_scan_vat_area,60,0.769048923703897,duration
self_selected_gait_speed,all,total_scan_vat_area,60,0.7667693054023498,duration
self_selected_gait_speed,all,total_scan_vat_area,60,0.763540925320871,duration
self_selected_gait_speed,all,total_scan_vat_area,60,0.7660010669913391,duration
self_selected_gait_speed,all,total_scan_vat_area,60,0.7661700179023571,duration
self_selected_gait_speed,all,total_scan_vat_area,60,0.7628650374992761,duration
self_selected_gait_speed,all,hr_bpm,2,0.2299364278722621,duration
self_selected_gait_speed,all,hr_bpm,2,0.230232244661449,duration
self_selected_gait_speed,all,hr_bpm,2,0.2279836223509282,duration
self_selected_gait_speed,all,hr_bpm,2,0.2370688354688866,duration
self_selected_gait_speed,all,hr_bpm,2,0.2352019227680584,duration
self_selected_gait_speed,all,hr_bpm,2,0.2300933662583936,duration
self_selected_gait_speed,all,hr_bpm,2,0.2313358676688481,duration
self_selected_gait_speed,all,hr_bpm,2,0.2301054311048784,duration
self_selected_gait_speed,all,hr_bpm,2,0.2234823806099024,duration
self_selected_gait_speed,all,hr_bpm,2,0.2397827510117396,duration
self_selected_gait_speed,all,hr_bpm,5,0.2395218528547227,duration
self_selected_gait_speed,all,hr_bpm,5,0.2328436514178325,duration
self_selected_gait_speed,all,hr_bpm,5,0.2350702081946733,duration
self_selected_gait_speed,all,hr_bpm,5,0.2478871578606204,duration
self_selected_gait_speed,all,hr_bpm,5,0.2452291022964903,duration
self_selected_gait_speed,all,hr_bpm,5,0.242772196544265,duration
self_selected_gait_speed,all,hr_bpm,5,0.2416817595182601,duration
self_selected_gait_speed,all,hr_bpm,5,0.2462164144265689,duration
self_selected_gait_speed,all,hr_bpm,5,0.2393841634311758,duration
self_selected_gait_speed,all,hr_bpm,5,0.2402773351981036,duration
self_selected_gait_speed,all,hr_bpm,10,0.2368084590103905,duration
self_selected_gait_speed,all,hr_bpm,10,0.236133556432931,duration
self_selected_gait_speed,all,hr_bpm,10,0.252034677394981,duration
self_selected_gait_speed,all,hr_bpm,10,0.2454096416844965,duration
self_selected_gait_speed,all,hr_bpm,10,0.2530726203282588,duration
self_selected_gait_speed,all,hr_bpm,10,0.2454821342850035,duration
self_selected_gait_speed,all,hr_bpm,10,0.2492156107668642,duration
self_selected_gait_speed,all,hr_bpm,10,0.2447975122245266,duration
self_selected_gait_speed,all,hr_bpm,10,0.2402281788159105,duration
self_selected_gait_speed,all,hr_bpm,10,0.2459759432603366,duration
self_selected_gait_speed,all,hr_bpm,15,0.2490017895196502,duration
self_selected_gait_speed,all,hr_bpm,15,0.2528800367493971,duration
self_selected_gait_speed,all,hr_bpm,15,0.2636645998088613,duration
self_selected_gait_speed,all,hr_bpm,15,0.2558280818226248,duration
self_selected_gait_speed,all,hr_bpm,15,0.2626004446876748,duration
self_selected_gait_speed,all,hr_bpm,15,0.257615300372281,duration
self_selected_gait_speed,all,hr_bpm,15,0.2558090304016451,duration
self_selected_gait_speed,all,hr_bpm,15,0.2532635130923483,duration
self_selected_gait_speed,all,hr_bpm,15,0.2477464299278446,duration
self_selected_gait_speed,all,hr_bpm,15,0.2551208233163461,duration
self_selected_gait_speed,all,hr_bpm,30,0.2517318657880486,duration
self_selected_gait_speed,all,hr_bpm,30,0.2548328495104961,duration
self_selected_gait_speed,all,hr_bpm,30,0.263977122069675,duration
self_selected_gait_speed,all,hr_bpm,30,0.2545239050208717,duration
self_selected_gait_speed,all,hr_bpm,30,0.2668669832530156,duration
self_selected_gait_speed,all,hr_bpm,30,0.2542488920425109,duration
self_selected_gait_speed,all,hr_bpm,30,0.2520088769868465,duration
self_selected_gait_speed,all,hr_bpm,30,0.24385789417112,duration
self_selected_gait_speed,all,hr_bpm,30,0.2452380642162878,duration
self_selected_gait_speed,all,hr_bpm,30,0.2553516990749829,duration
self_selected_gait_speed,all,hr_bpm,60,0.2445486902818072,duration
self_selected_gait_speed,all,hr_bpm,60,0.2440935515708497,duration
self_selected_gait_speed,all,hr_bpm,60,0.2299500016812136,duration
self_selected_gait_speed,all,hr_bpm,60,0.2285193068245977,duration
self_selected_gait_speed,all,hr_bpm,60,0.2542387013900439,duration
self_selected_gait_speed,all,hr_bpm,60,0.22910433473328,duration
self_selected_gait_speed,all,hr_bpm,60,0.2277175863925698,duration
self_selected_gait_speed,all,hr_bpm,60,0.2465696871317862,duration
self_selected_gait_speed,all,hr_bpm,60,0.2111954816471097,duration
self_selected_gait_speed,all,hr_bpm,60,0.2388215284826168,duration
self_selected_gait_speed,all,liver_elasticity,2,0.3226905499899726,duration
self_selected_gait_speed,all,liver_elasticity,2,0.3196315816809784,duration
self_selected_gait_speed,all,liver_elasticity,2,0.312796112634477,duration
self_selected_gait_speed,all,liver_elasticity,2,0.3075641594350193,duration
self_selected_gait_speed,all,liver_elasticity,2,0.3109175686384561,duration
self_selected_gait_speed,all,liver_elasticity,2,0.3022431542347263,duration
self_selected_gait_speed,all,liver_elasticity,2,0.3159470768582885,duration
self_selected_gait_speed,all,liver_elasticity,2,0.3081260580657213,duration
self_selected_gait_speed,all,liver_elasticity,2,0.3156567040726795,duration
self_selected_gait_speed,all,liver_elasticity,2,0.3035251046873042,duration
self_selected_gait_speed,all,liver_elasticity,5,0.3378114250935695,duration
self_selected_gait_speed,all,liver_elasticity,5,0.3455305865202048,duration
self_selected_gait_speed,all,liver_elasticity,5,0.3453838704633894,duration
self_selected_gait_speed,all,liver_elasticity,5,0.3371967846203356,duration
self_selected_gait_speed,all,liver_elasticity,5,0.3332368921554296,duration
self_selected_gait_speed,all,liver_elasticity,5,0.3223306626713874,duration
self_selected_gait_speed,all,liver_elasticity,5,0.3416572807049686,duration
self_selected_gait_speed,all,liver_elasticity,5,0.3264793665012241,duration
self_selected_gait_speed,all,liver_elasticity,5,0.3284987234104054,duration
self_selected_gait_speed,all,liver_elasticity,5,0.3205729810539049,duration
self_selected_gait_speed,all,liver_elasticity,10,0.33170929316617,duration
self_selected_gait_speed,all,liver_elasticity,10,0.3229825622083968,duration
self_selected_gait_speed,all,liver_elasticity,10,0.329318351055896,duration
self_selected_gait_speed,all,liver_elasticity,10,0.3188518695584982,duration
self_selected_gait_speed,all,liver_elasticity,10,0.3200768178026573,duration
self_selected_gait_speed,all,liver_elasticity,10,0.3116255101241393,duration
self_selected_gait_speed,all,liver_elasticity,10,0.3301929409400786,duration
self_selected_gait_speed,all,liver_elasticity,10,0.3252160537872753,duration
self_selected_gait_speed,all,liver_elasticity,10,0.3183385896833652,duration
self_selected_gait_speed,all,liver_elasticity,10,0.3174845506692437,duration
self_selected_gait_speed,all,liver_elasticity,15,0.3353396352571294,duration
self_selected_gait_speed,all,liver_elasticity,15,0.3344423760607861,duration
self_selected_gait_speed,all,liver_elasticity,15,0.3348391408818723,duration
self_selected_gait_speed,all,liver_elasticity,15,0.3246926515007627,duration
self_selected_gait_speed,all,liver_elasticity,15,0.3281289636292593,duration
self_selected_gait_speed,all,liver_elasticity,15,0.3242935783881059,duration
self_selected_gait_speed,all,liver_elasticity,15,0.3371260066041562,duration
self_selected_gait_speed,all,liver_elasticity,15,0.3277355031865771,duration
self_selected_gait_speed,all,liver_elasticity,15,0.3280956977411904,duration
self_selected_gait_speed,all,liver_elasticity,15,0.3323755561941516,duration
self_selected_gait_speed,all,liver_elasticity,30,0.3383880542098625,duration
self_selected_gait_speed,all,liver_elasticity,30,0.3348868111384029,duration
self_selected_gait_speed,all,liver_elasticity,30,0.3382012610208007,duration
self_selected_gait_speed,all,liver_elasticity,30,0.3266540367212701,duration
self_selected_gait_speed,all,liver_elasticity,30,0.3325607084979043,duration
self_selected_gait_speed,all,liver_elasticity,30,0.3215233412958264,duration
self_selected_gait_speed,all,liver_elasticity,30,0.3437639801840934,duration
self_selected_gait_speed,all,liver_elasticity,30,0.3359077206835526,duration
self_selected_gait_speed,all,liver_elasticity,30,0.3272878813279853,duration
self_selected_gait_speed,all,liver_elasticity,30,0.3296873164163471,duration
self_selected_gait_speed,all,liver_elasticity,60,0.3178682600836745,duration
self_selected_gait_speed,all,liver_elasticity,60,0.3174320963312738,duration
self_selected_gait_speed,all,liver_elasticity,60,0.3172330148376058,duration
self_selected_gait_speed,all,liver_elasticity,60,0.3058813451886298,duration
self_selected_gait_speed,all,liver_elasticity,60,0.3134569037756779,duration
self_selected_gait_speed,all,liver_elasticity,60,0.2984069408220117,duration
self_selected_gait_speed,all,liver_elasticity,60,0.3166421395180975,duration
self_selected_gait_speed,all,liver_elasticity,60,0.3178826209694942,duration
self_selected_gait_speed,all,liver_elasticity,60,0.3212908487069241,duration
self_selected_gait_speed,all,liver_elasticity,60,0.3062024726565316,duration
