system,label,gender,gait_std,baseline_std
blood_tests_lipids,bt__triglycerides,male,0.004829571706108911,0.0018343361893404546
blood_tests_lipids,bt__triglycerides,female,0.010012116578403193,0.0023928914681650244
blood_tests_lipids,bt__hdl_cholesterol,male,0.00677941077612005,0.0023316315101816346
blood_tests_lipids,bt__hdl_cholesterol,female,0.008605490403006918,0.004513481432143342
blood_tests_lipids,bt__total_cholesterol,male,0.016603047982002066,0.003723639641487048
blood_tests_lipids,bt__total_cholesterol,female,0.010413536411071733,0.0037687089310984487
blood_tests_lipids,bt__non_hdl_cholesterol,male,0.013663206894420209,0.0029555867678892843
blood_tests_lipids,bt__non_hdl_cholesterol,female,0.011141099160765007,0.004369495436344145
bone_density,spine_l1_l4_area,male,0.0036383359219938046,0.007643347365578525
bone_density,spine_l1_l4_area,female,0.005179040634426171,0.023054817334355417
bone_density,spine_l1_l3_bmc,male,0.004685079859303876,0.0028444544148819766
bone_density,spine_l1_l3_bmc,female,0.0038101420916055832,0.0026178332463562743
cardiovascular_system,hr_bpm,male,0.004947128120744631,0.001757399228519277
cardiovascular_system,hr_bpm,female,0.007881770301146705,0.0022899289275285823
cardiovascular_system,automorph_vein_fractal_dimension,male,0.012211452626856724,0.01332439289078176
cardiovascular_system,automorph_vein_fractal_dimension,female,0.0074882703882774805,0.009207063396509941
cardiovascular_system,automorph_artery_fractal_dimension,male,0.01487991723002631,0.015506410471063919
cardiovascular_system,automorph_artery_fractal_dimension,female,0.010877566149985808,0.012485881598930845
cardiovascular_system,intima_media_th_2_fit,male,0.013436954911331286,0.012817073679702376
cardiovascular_system,intima_media_th_2_fit,female,0.013847942159864162,0.008907971280209124
frailty,hand_grip_left,male,0.002955862785328829,0.0016596938183493209
frailty,hand_grip_left,female,0.005076466779289855,0.0014078719522824957
frailty,hand_grip_right,male,0.004913986222198822,0.0017530034070537466
frailty,hand_grip_right,female,0.003878035292876821,0.0018402043678005728
hematopoietic,bt__hct,male,0.00710354272817712,0.003329160890710536
hematopoietic,bt__hct,female,0.004949644075158341,0.00459971062142025
hematopoietic,bt__ferritin,male,0.03827949163434128,0.034588728633010664
hematopoietic,bt__ferritin,female,0.025622344277077547,0.020880205256414743
hematopoietic,bt__mcv,male,0.00976599324229749,0.002059027543055726
hematopoietic,bt__mcv,female,0.00671205971593948,0.003631986356372259
lifestyle,vigorous_activity_days,male,0.011349030327237386,0.005258148840708586
lifestyle,vigorous_activity_days,female,0.016802977227440615,0.006007200276073378
lifestyle,sleep_hours,male,0.011608157294000667,0.00843068454823967
lifestyle,sleep_hours,female,0.011372194125838363,0.013988622150722671
lifestyle,vigorous_activity_minutes,male,0.007672420187507093,0.0028720218133712924
lifestyle,vigorous_activity_minutes,female,0.009495245081417305,0.005856912735890498
lifestyle,walking_minutes_day,male,0.011108753907600011,0.007588625503013035
lifestyle,walking_minutes_day,female,0.011294846336020367,0.006507994348171513
liver,liver_sound_speed,male,0.002248462230527318,0.000991398859858599
liver,liver_sound_speed,female,0.0031289442507655796,0.0008333707195322441
liver,liver_viscosity,male,0.005821763103957753,0.002625135233562749
liver,liver_viscosity,female,0.0065305948818425545,0.002836008632866494
liver,bt__alt_gpt,male,0.026617654820451652,0.017701928522647112
liver,bt__alt_gpt,female,0.0371729836089869,0.013487535161409544
mental,happiness_level,male,0.008474330926123111,0.008380883027681498
mental,happiness_level,female,0.006315004328552457,0.004315278390615557
mental,depressed_longest_period_weeks,male,0.015463021053916313,0.009444709001188979
mental,depressed_longest_period_weeks,female,0.01705999447839365,0.012662088884748608
mental,health_satisfaction,male,0.005738282895664008,0.0038472468637840416
mental,health_satisfaction,female,0.007497597799319379,0.0028720251342448724
metabolites,LysoPE(P-16_0_0_0),male,0.011122749602223314,0.01154343480664056
metabolites,LysoPE(P-16_0_0_0),female,0.009187862624593205,0.022969150447691235
metabolites,C17 Oxylipin (291.16 m_z),male,0.008360678675631887,0.015395229158478116
metabolites,C17 Oxylipin (291.16 m_z),female,0.006483537384680894,0.025819477534594876
microbiome,Rep_3257,male,0.008617559855507587,0.0027554935351958554
microbiome,Rep_3257,female,0.007931100445610094,0.004165785217478957
microbiome,Rep_2163,male,0.009520129859776986,0.004424624707144625
microbiome,Rep_2163,female,0.013671789183503666,0.005012726729373669
microbiome,Rep_2101,male,0.01549085434783558,0.004619727833662315
microbiome,Rep_2101,female,0.01060710107951645,0.007704418629160708
microbiome,Rep_1819,male,0.010037117053447323,0.005329317403828082
microbiome,Rep_1819,female,0.01454952430683906,0.005558146678381744
nightingale,XL_HDL_PL,male,0.009682723826767386,0.0031620765336735665
nightingale,XL_HDL_PL,female,0.010906624643069015,0.004338597435659169
nightingale,GlycA,male,0.007262279882479061,0.0022079347734653408
nightingale,GlycA,female,0.010834048565017424,0.004131108637132308
nightingale,L_VLDL_FC,male,0.0090005576403299,0.0035501600187070534
nightingale,L_VLDL_FC,female,0.008053206987702635,0.004164330465171187
renal_function,bt__creatinine,male,0.011056856511129896,0.00908821987776993
renal_function,bt__creatinine,female,0.010896872059361294,0.00828255729658184
sleep_group,ahi,male,0.004469132698706671,0.0013004738751779576
sleep_group,ahi,female,0.004388436877658089,0.0010897744280039924
sleep_group,hypoxic_burden,male,0.004493918006765333,0.0013176389850502116
sleep_group,hypoxic_burden,female,0.004324623167785113,0.001100963475963462
sleep_group,sleep_efficiency,male,0.013805765585030712,0.012268337679234187
sleep_group,sleep_efficiency,female,0.013857082509327637,0.01008782587094476
sleep_group,saturation_mean,male,0.0029198777649650813,0.0013813821178257151
sleep_group,saturation_mean,female,0.005380336662450487,0.0015762084821663149
