target,setting,source,model,gender,metric,seed,value
liver_elasticity,full,gait,-,male,pearson_r,0,0.1775405834906253
liver_elasticity,full,gait,-,male,pearson_r,1,0.1649257288464269
liver_elasticity,full,gait,-,male,pearson_r,2,0.16016560323917148
liver_elasticity,full,gait,-,male,pearson_r,3,0.16324084131667302
liver_elasticity,full,gait,-,male,pearson_r,4,0.15242774810788465
liver_elasticity,full,gait,-,male,pearson_r,5,0.14743144857781512
liver_elasticity,full,gait,-,male,pearson_r,6,0.163334030040072
liver_elasticity,full,gait,-,male,pearson_r,7,0.1633153661405578
liver_elasticity,full,gait,-,male,pearson_r,8,0.1637292264070021
liver_elasticity,full,gait,-,male,pearson_r,9,0.1472426726233107
liver_elasticity,full,gait,-,male,pearson_r,10,0.15728617126132743
liver_elasticity,full,gait,-,male,pearson_r,11,0.16971303980703845
liver_elasticity,full,gait,-,male,pearson_r,12,0.16765162996233554
liver_elasticity,full,gait,-,male,pearson_r,13,0.16852689453737202
liver_elasticity,full,gait,-,male,pearson_r,14,0.1541787258703593
liver_elasticity,full,gait,-,female,pearson_r,0,0.17350505318997583
liver_elasticity,full,gait,-,female,pearson_r,1,0.15891928358427831
liver_elasticity,full,gait,-,female,pearson_r,2,0.15936369627420255
liver_elasticity,full,gait,-,female,pearson_r,3,0.17708119380051807
liver_elasticity,full,gait,-,female,pearson_r,4,0.172087668529805
liver_elasticity,full,gait,-,female,pearson_r,5,0.17086370803448214
liver_elasticity,full,gait,-,female,pearson_r,6,0.17911525029797326
liver_elasticity,full,gait,-,female,pearson_r,7,0.16036985816174554
liver_elasticity,full,gait,-,female,pearson_r,8,0.15144026748786749
liver_elasticity,full,gait,-,female,pearson_r,9,0.16079259839578264
liver_elasticity,full,gait,-,female,pearson_r,10,0.1634495984660468
liver_elasticity,full,gait,-,female,pearson_r,11,0.18257522529678089
liver_elasticity,full,gait,-,female,pearson_r,12,0.1690020833921631
liver_elasticity,full,gait,-,female,pearson_r,13,0.16395199215435197
liver_elasticity,full,gait,-,female,pearson_r,14,0.16529819780866412
liver_elasticity,full,gait,-,overall,pearson_r,0,0.38946588981703373
liver_elasticity,full,gait,-,overall,pearson_r,1,0.377095550298063
liver_elasticity,full,gait,-,overall,pearson_r,2,0.37841073523497476
liver_elasticity,full,gait,-,overall,pearson_r,3,0.38716035167659923
liver_elasticity,full,gait,-,overall,pearson_r,4,0.38018485391957196
liver_elasticity,full,gait,-,overall,pearson_r,5,0.37906659420305855
liver_elasticity,full,gait,-,overall,pearson_r,6,0.3861039930101293
liver_elasticity,full,gait,-,overall,pearson_r,7,0.38112606922323794
liver_elasticity,full,gait,-,overall,pearson_r,8,0.37609680913226773
liver_elasticity,full,gait,-,overall,pearson_r,9,0.37628394131360915
liver_elasticity,full,gait,-,overall,pearson_r,10,0.3772782560513276
liver_elasticity,full,gait,-,overall,pearson_r,11,0.3911128680746059
liver_elasticity,full,gait,-,overall,pearson_r,12,0.3846066230958136
liver_elasticity,full,gait,-,overall,pearson_r,13,0.3836701809916072
liver_elasticity,full,gait,-,overall,pearson_r,14,0.38081059922191074
liver_elasticity,full,demo,lgbm,male,pearson_r,0,0.06944937748134782
liver_elasticity,full,demo,lgbm,male,pearson_r,1,0.06476564222196131
liver_elasticity,full,demo,lgbm,male,pearson_r,2,0.07262368391799744
liver_elasticity,full,demo,lgbm,male,pearson_r,3,0.03872091366853823
liver_elasticity,full,demo,lgbm,male,pearson_r,4,0.06798995577677587
liver_elasticity,full,demo,lgbm,male,pearson_r,5,0.04501890731217303
liver_elasticity,full,demo,lgbm,male,pearson_r,6,0.05609807064278275
liver_elasticity,full,demo,lgbm,male,pearson_r,7,0.03906216129610446
liver_elasticity,full,demo,lgbm,male,pearson_r,8,0.06116677709935287
liver_elasticity,full,demo,lgbm,male,pearson_r,9,0.05511792727267406
liver_elasticity,full,demo,lgbm,male,pearson_r,10,0.04518203021619937
liver_elasticity,full,demo,lgbm,male,pearson_r,11,0.07901305257947294
liver_elasticity,full,demo,lgbm,male,pearson_r,12,0.05365331678391391
liver_elasticity,full,demo,lgbm,male,pearson_r,13,0.036585758069355157
liver_elasticity,full,demo,lgbm,male,pearson_r,14,0.03347690194749056
liver_elasticity,full,demo,lgbm,female,pearson_r,0,0.13530194041475302
liver_elasticity,full,demo,lgbm,female,pearson_r,1,0.13248762677982714
liver_elasticity,full,demo,lgbm,female,pearson_r,2,0.1497779804871757
liver_elasticity,full,demo,lgbm,female,pearson_r,3,0.12614474079996155
liver_elasticity,full,demo,lgbm,female,pearson_r,4,0.12218090666566463
liver_elasticity,full,demo,lgbm,female,pearson_r,5,0.13081705240889896
liver_elasticity,full,demo,lgbm,female,pearson_r,6,0.1508498231537534
liver_elasticity,full,demo,lgbm,female,pearson_r,7,0.15174006443215385
liver_elasticity,full,demo,lgbm,female,pearson_r,8,0.13382650193193885
liver_elasticity,full,demo,lgbm,female,pearson_r,9,0.11885070123982971
liver_elasticity,full,demo,lgbm,female,pearson_r,10,0.13313998412890304
liver_elasticity,full,demo,lgbm,female,pearson_r,11,0.13878838513308495
liver_elasticity,full,demo,lgbm,female,pearson_r,12,0.12440301402448627
liver_elasticity,full,demo,lgbm,female,pearson_r,13,0.1337283132874877
liver_elasticity,full,demo,lgbm,female,pearson_r,14,0.12649601786020068
liver_elasticity,full,demo,lgbm,overall,pearson_r,0,0.054638148318676916
liver_elasticity,full,demo,lgbm,overall,pearson_r,1,0.05150801546547745
liver_elasticity,full,demo,lgbm,overall,pearson_r,2,0.05700590031835838
liver_elasticity,full,demo,lgbm,overall,pearson_r,3,0.03997047305496701
liver_elasticity,full,demo,lgbm,overall,pearson_r,4,0.05409207403188503
liver_elasticity,full,demo,lgbm,overall,pearson_r,5,0.03810733898476991
liver_elasticity,full,demo,lgbm,overall,pearson_r,6,0.05629236637478779
liver_elasticity,full,demo,lgbm,overall,pearson_r,7,0.0494692735266724
liver_elasticity,full,demo,lgbm,overall,pearson_r,8,0.04782548832546132
liver_elasticity,full,demo,lgbm,overall,pearson_r,9,0.0485870748186734
liver_elasticity,full,demo,lgbm,overall,pearson_r,10,0.04166943366121835
liver_elasticity,full,demo,lgbm,overall,pearson_r,11,0.05998112822630306
liver_elasticity,full,demo,lgbm,overall,pearson_r,12,0.043522971175141534
liver_elasticity,full,demo,lgbm,overall,pearson_r,13,0.043519538356946226
liver_elasticity,full,demo,lgbm,overall,pearson_r,14,0.037519862340635625
liver_elasticity,full,demo,ridge,male,pearson_r,0,0.10570403570616363
liver_elasticity,full,demo,ridge,male,pearson_r,1,0.09299545903759625
liver_elasticity,full,demo,ridge,male,pearson_r,2,0.09717992471642255
liver_elasticity,full,demo,ridge,male,pearson_r,3,0.09263727650462178
liver_elasticity,full,demo,ridge,male,pearson_r,4,0.09093868639569955
liver_elasticity,full,demo,ridge,male,pearson_r,5,0.09212077101643788
liver_elasticity,full,demo,ridge,male,pearson_r,6,0.09891206468531942
liver_elasticity,full,demo,ridge,male,pearson_r,7,0.09127699653755884
liver_elasticity,full,demo,ridge,male,pearson_r,8,0.08966988440149425
liver_elasticity,full,demo,ridge,male,pearson_r,9,0.08441016554353772
liver_elasticity,full,demo,ridge,male,pearson_r,10,0.07750603579768563
liver_elasticity,full,demo,ridge,male,pearson_r,11,0.08419748212025321
liver_elasticity,full,demo,ridge,male,pearson_r,12,0.0807349521942005
liver_elasticity,full,demo,ridge,male,pearson_r,13,0.08729044208245351
liver_elasticity,full,demo,ridge,male,pearson_r,14,0.07162273635650218
liver_elasticity,full,demo,ridge,female,pearson_r,0,0.09992800257840359
liver_elasticity,full,demo,ridge,female,pearson_r,1,0.09581204624620163
liver_elasticity,full,demo,ridge,female,pearson_r,2,0.10380692636736014
liver_elasticity,full,demo,ridge,female,pearson_r,3,0.08400835278744151
liver_elasticity,full,demo,ridge,female,pearson_r,4,0.08620991325038332
liver_elasticity,full,demo,ridge,female,pearson_r,5,0.09788660515130526
liver_elasticity,full,demo,ridge,female,pearson_r,6,0.09227921640388967
liver_elasticity,full,demo,ridge,female,pearson_r,7,0.09046218896414067
liver_elasticity,full,demo,ridge,female,pearson_r,8,0.1035794860613091
liver_elasticity,full,demo,ridge,female,pearson_r,9,0.08708791697481941
liver_elasticity,full,demo,ridge,female,pearson_r,10,0.10472171703091641
liver_elasticity,full,demo,ridge,female,pearson_r,11,0.10136999254668394
liver_elasticity,full,demo,ridge,female,pearson_r,12,0.09030963595574326
liver_elasticity,full,demo,ridge,female,pearson_r,13,0.09457491907746421
liver_elasticity,full,demo,ridge,female,pearson_r,14,0.09864049018748694
liver_elasticity,full,demo,ridge,overall,pearson_r,0,0.047957404192451945
liver_elasticity,full,demo,ridge,overall,pearson_r,1,0.04111341553405748
liver_elasticity,full,demo,ridge,overall,pearson_r,2,0.04519130665467599
liver_elasticity,full,demo,ridge,overall,pearson_r,3,0.03396431581969508
liver_elasticity,full,demo,ridge,overall,pearson_r,4,0.034577752592089374
liver_elasticity,full,demo,ridge,overall,pearson_r,5,0.039819189649505954
liver_elasticity,full,demo,ridge,overall,pearson_r,6,0.04093635442707275
liver_elasticity,full,demo,ridge,overall,pearson_r,7,0.037344192947201586
liver_elasticity,full,demo,ridge,overall,pearson_r,8,0.04166136929270576
liver_elasticity,full,demo,ridge,overall,pearson_r,9,0.035687341437653564
liver_elasticity,full,demo,ridge,overall,pearson_r,10,0.03580838959533936
liver_elasticity,full,demo,ridge,overall,pearson_r,11,0.03966741477023486
liver_elasticity,full,demo,ridge,overall,pearson_r,12,0.03512807664036651
liver_elasticity,full,demo,ridge,overall,pearson_r,13,0.03721522017886612
liver_elasticity,full,demo,ridge,overall,pearson_r,14,0.03446723062915576
liver_elasticity,full,clinical,lgbm,male,pearson_r,0,0.16229196531232334
liver_elasticity,full,clinical,lgbm,male,pearson_r,1,0.14352222231931525
liver_elasticity,full,clinical,lgbm,male,pearson_r,2,0.15940801252298128
liver_elasticity,full,clinical,lgbm,male,pearson_r,3,0.1383289774152128
liver_elasticity,full,clinical,lgbm,male,pearson_r,4,0.14635571937608252
liver_elasticity,full,clinical,lgbm,male,pearson_r,5,0.16251214380765178
liver_elasticity,full,clinical,lgbm,male,pearson_r,6,0.14556163745641304
liver_elasticity,full,clinical,lgbm,male,pearson_r,7,0.14652907387478276
liver_elasticity,full,clinical,lgbm,male,pearson_r,8,0.15499060264299744
liver_elasticity,full,clinical,lgbm,male,pearson_r,9,0.1496048166422732
liver_elasticity,full,clinical,lgbm,male,pearson_r,10,0.13890568736330572
liver_elasticity,full,clinical,lgbm,male,pearson_r,11,0.14833456983023793
liver_elasticity,full,clinical,lgbm,male,pearson_r,12,0.15370997853325613
liver_elasticity,full,clinical,lgbm,male,pearson_r,13,0.12602477296065018
liver_elasticity,full,clinical,lgbm,male,pearson_r,14,0.14705947107497336
liver_elasticity,full,clinical,lgbm,female,pearson_r,0,0.14945300955871732
liver_elasticity,full,clinical,lgbm,female,pearson_r,1,0.14768222819085813
liver_elasticity,full,clinical,lgbm,female,pearson_r,2,0.1529169197056555
liver_elasticity,full,clinical,lgbm,female,pearson_r,3,0.1387322471505759
liver_elasticity,full,clinical,lgbm,female,pearson_r,4,0.13994546687226062
liver_elasticity,full,clinical,lgbm,female,pearson_r,5,0.1397358567494839
liver_elasticity,full,clinical,lgbm,female,pearson_r,6,0.13763143691268637
liver_elasticity,full,clinical,lgbm,female,pearson_r,7,0.14323216364918792
liver_elasticity,full,clinical,lgbm,female,pearson_r,8,0.1411987597805932
liver_elasticity,full,clinical,lgbm,female,pearson_r,9,0.14313716645306307
liver_elasticity,full,clinical,lgbm,female,pearson_r,10,0.15081085453905527
liver_elasticity,full,clinical,lgbm,female,pearson_r,11,0.14397856063296854
liver_elasticity,full,clinical,lgbm,female,pearson_r,12,0.1501318852714566
liver_elasticity,full,clinical,lgbm,female,pearson_r,13,0.14058682193453448
liver_elasticity,full,clinical,lgbm,female,pearson_r,14,0.14399710050387066
liver_elasticity,full,clinical,lgbm,overall,pearson_r,0,0.2532975786579818
liver_elasticity,full,clinical,lgbm,overall,pearson_r,1,0.24206154044203915
liver_elasticity,full,clinical,lgbm,overall,pearson_r,2,0.2543575109762331
liver_elasticity,full,clinical,lgbm,overall,pearson_r,3,0.2357688251020523
liver_elasticity,full,clinical,lgbm,overall,pearson_r,4,0.2410674529652458
liver_elasticity,full,clinical,lgbm,overall,pearson_r,5,0.25044812947367323
liver_elasticity,full,clinical,lgbm,overall,pearson_r,6,0.2393260752987811
liver_elasticity,full,clinical,lgbm,overall,pearson_r,7,0.24225800086949567
liver_elasticity,full,clinical,lgbm,overall,pearson_r,8,0.24582180673958762
liver_elasticity,full,clinical,lgbm,overall,pearson_r,9,0.24525429633280404
liver_elasticity,full,clinical,lgbm,overall,pearson_r,10,0.2394820263295543
liver_elasticity,full,clinical,lgbm,overall,pearson_r,11,0.24175451132195744
liver_elasticity,full,clinical,lgbm,overall,pearson_r,12,0.24843239221087687
liver_elasticity,full,clinical,lgbm,overall,pearson_r,13,0.23122002541488534
liver_elasticity,full,clinical,lgbm,overall,pearson_r,14,0.24352329009657492
liver_elasticity,full,clinical,ridge,male,pearson_r,0,0.14467120082471807
liver_elasticity,full,clinical,ridge,male,pearson_r,1,0.14593268248704933
liver_elasticity,full,clinical,ridge,male,pearson_r,2,0.1429036921135508
liver_elasticity,full,clinical,ridge,male,pearson_r,3,0.14422203613271334
liver_elasticity,full,clinical,ridge,male,pearson_r,4,0.1464607456115142
liver_elasticity,full,clinical,ridge,male,pearson_r,5,0.14812157350135946
liver_elasticity,full,clinical,ridge,male,pearson_r,6,0.14163512683223706
liver_elasticity,full,clinical,ridge,male,pearson_r,7,0.13918975546685894
liver_elasticity,full,clinical,ridge,male,pearson_r,8,0.14654880040824547
liver_elasticity,full,clinical,ridge,male,pearson_r,9,0.13990477029165732
liver_elasticity,full,clinical,ridge,male,pearson_r,10,0.13477166821995618
liver_elasticity,full,clinical,ridge,male,pearson_r,11,0.14229801937310987
liver_elasticity,full,clinical,ridge,male,pearson_r,12,0.14414285295864399
liver_elasticity,full,clinical,ridge,male,pearson_r,13,0.14135170519125623
liver_elasticity,full,clinical,ridge,male,pearson_r,14,0.13644271719826018
liver_elasticity,full,clinical,ridge,female,pearson_r,0,0.10303332384905864
liver_elasticity,full,clinical,ridge,female,pearson_r,1,0.10597605024666865
liver_elasticity,full,clinical,ridge,female,pearson_r,2,0.10736030211414235
liver_elasticity,full,clinical,ridge,female,pearson_r,3,0.10262193072457443
liver_elasticity,full,clinical,ridge,female,pearson_r,4,0.0984854263090883
liver_elasticity,full,clinical,ridge,female,pearson_r,5,0.10585917292390623
liver_elasticity,full,clinical,ridge,female,pearson_r,6,0.09891147017415479
liver_elasticity,full,clinical,ridge,female,pearson_r,7,0.10409544121171253
liver_elasticity,full,clinical,ridge,female,pearson_r,8,0.10571237502903756
liver_elasticity,full,clinical,ridge,female,pearson_r,9,0.09842249894547873
liver_elasticity,full,clinical,ridge,female,pearson_r,10,0.10553321181837952
liver_elasticity,full,clinical,ridge,female,pearson_r,11,0.10378693419312157
liver_elasticity,full,clinical,ridge,female,pearson_r,12,0.10338134776552355
liver_elasticity,full,clinical,ridge,female,pearson_r,13,0.10200398426296056
liver_elasticity,full,clinical,ridge,female,pearson_r,14,0.10495720368169711
liver_elasticity,full,clinical,ridge,overall,pearson_r,0,0.2485621175937681
liver_elasticity,full,clinical,ridge,overall,pearson_r,1,0.2510579601378372
liver_elasticity,full,clinical,ridge,overall,pearson_r,2,0.24909164991186108
liver_elasticity,full,clinical,ridge,overall,pearson_r,3,0.24735745950213028
liver_elasticity,full,clinical,ridge,overall,pearson_r,4,0.24713607475491325
liver_elasticity,full,clinical,ridge,overall,pearson_r,5,0.2515233621202131
liver_elasticity,full,clinical,ridge,overall,pearson_r,6,0.24508032503917565
liver_elasticity,full,clinical,ridge,overall,pearson_r,7,0.24533737673742284
liver_elasticity,full,clinical,ridge,overall,pearson_r,8,0.2501264793302492
liver_elasticity,full,clinical,ridge,overall,pearson_r,9,0.24344327296742851
liver_elasticity,full,clinical,ridge,overall,pearson_r,10,0.24369580345449884
liver_elasticity,full,clinical,ridge,overall,pearson_r,11,0.24689339493913318
liver_elasticity,full,clinical,ridge,overall,pearson_r,12,0.2483645683808375
liver_elasticity,full,clinical,ridge,overall,pearson_r,13,0.2460055660390686
liver_elasticity,full,clinical,ridge,overall,pearson_r,14,0.24554244863202979
liver_viscosity,full,gait,-,male,pearson_r,0,0.20904545094838814
liver_viscosity,full,gait,-,male,pearson_r,1,0.22698040255031374
liver_viscosity,full,gait,-,male,pearson_r,2,0.21243082490013107
liver_viscosity,full,gait,-,male,pearson_r,3,0.20648488509659554
liver_viscosity,full,gait,-,male,pearson_r,4,0.19872073995340733
liver_viscosity,full,gait,-,male,pearson_r,5,0.19866193720291486
liver_viscosity,full,gait,-,male,pearson_r,6,0.19638869627607805
liver_viscosity,full,gait,-,male,pearson_r,7,0.20732104479074642
liver_viscosity,full,gait,-,male,pearson_r,8,0.200835642640254
liver_viscosity,full,gait,-,male,pearson_r,9,0.20687059471049604
liver_viscosity,full,gait,-,male,pearson_r,10,0.21230270332315596
liver_viscosity,full,gait,-,male,pearson_r,11,0.22570016026647188
liver_viscosity,full,gait,-,male,pearson_r,12,0.22476271185537858
liver_viscosity,full,gait,-,male,pearson_r,13,0.21166134241684753
liver_viscosity,full,gait,-,male,pearson_r,14,0.1998046551729816
liver_viscosity,full,gait,-,female,pearson_r,0,0.2457559802418967
liver_viscosity,full,gait,-,female,pearson_r,1,0.2510430334735382
liver_viscosity,full,gait,-,female,pearson_r,2,0.22050803608327635
liver_viscosity,full,gait,-,female,pearson_r,3,0.25409673310907527
liver_viscosity,full,gait,-,female,pearson_r,4,0.23394402505167183
liver_viscosity,full,gait,-,female,pearson_r,5,0.24944060908944837
liver_viscosity,full,gait,-,female,pearson_r,6,0.23419762549497414
liver_viscosity,full,gait,-,female,pearson_r,7,0.226764063876907
liver_viscosity,full,gait,-,female,pearson_r,8,0.2308776189121577
liver_viscosity,full,gait,-,female,pearson_r,9,0.2274069986380023
liver_viscosity,full,gait,-,female,pearson_r,10,0.24545040559975578
liver_viscosity,full,gait,-,female,pearson_r,11,0.25665524358359487
liver_viscosity,full,gait,-,female,pearson_r,12,0.24509868747860558
liver_viscosity,full,gait,-,female,pearson_r,13,0.22273529698807865
liver_viscosity,full,gait,-,female,pearson_r,14,0.2356760952365703
liver_viscosity,full,gait,-,overall,pearson_r,0,0.2967169061491755
liver_viscosity,full,gait,-,overall,pearson_r,1,0.307106283798315
liver_viscosity,full,gait,-,overall,pearson_r,2,0.2853360180770456
liver_viscosity,full,gait,-,overall,pearson_r,3,0.30125406327615023
liver_viscosity,full,gait,-,overall,pearson_r,4,0.2875271867087942
liver_viscosity,full,gait,-,overall,pearson_r,5,0.2960904609259984
liver_viscosity,full,gait,-,overall,pearson_r,6,0.28747037139406534
liver_viscosity,full,gait,-,overall,pearson_r,7,0.2875688193485273
liver_viscosity,full,gait,-,overall,pearson_r,8,0.2863363950459621
liver_viscosity,full,gait,-,overall,pearson_r,9,0.2878138564642388
liver_viscosity,full,gait,-,overall,pearson_r,10,0.2986525852603242
liver_viscosity,full,gait,-,overall,pearson_r,11,0.3102588438463087
liver_viscosity,full,gait,-,overall,pearson_r,12,0.3035713693026727
liver_viscosity,full,gait,-,overall,pearson_r,13,0.28619457555933725
liver_viscosity,full,gait,-,overall,pearson_r,14,0.28970025790455134
liver_viscosity,full,demo,lgbm,male,pearson_r,0,0.2218015740292252
liver_viscosity,full,demo,lgbm,male,pearson_r,1,0.21904399659844093
liver_viscosity,full,demo,lgbm,male,pearson_r,2,0.20141144962935184
liver_viscosity,full,demo,lgbm,male,pearson_r,3,0.2006764869728232
liver_viscosity,full,demo,lgbm,male,pearson_r,4,0.21179269671393375
liver_viscosity,full,demo,lgbm,male,pearson_r,5,0.19621419831294853
liver_viscosity,full,demo,lgbm,male,pearson_r,6,0.19550516082795016
liver_viscosity,full,demo,lgbm,male,pearson_r,7,0.20676002732319504
liver_viscosity,full,demo,lgbm,male,pearson_r,8,0.20939557158077118
liver_viscosity,full,demo,lgbm,male,pearson_r,9,0.2073943985900877
liver_viscosity,full,demo,lgbm,male,pearson_r,10,0.1986423311289752
liver_viscosity,full,demo,lgbm,male,pearson_r,11,0.20373700020490582
liver_viscosity,full,demo,lgbm,male,pearson_r,12,0.2056703273455421
liver_viscosity,full,demo,lgbm,male,pearson_r,13,0.1935419794843985
liver_viscosity,full,demo,lgbm,male,pearson_r,14,0.2104106058292713
liver_viscosity,full,demo,lgbm,female,pearson_r,0,0.2673795312407244
liver_viscosity,full,demo,lgbm,female,pearson_r,1,0.26787731408273074
liver_viscosity,full,demo,lgbm,female,pearson_r,2,0.2633209249920395
liver_viscosity,full,demo,lgbm,female,pearson_r,3,0.2581977904469085
liver_viscosity,full,demo,lgbm,female,pearson_r,4,0.2612926156623451
liver_viscosity,full,demo,lgbm,female,pearson_r,5,0.2647803397384702
liver_viscosity,full,demo,lgbm,female,pearson_r,6,0.26416884565181215
liver_viscosity,full,demo,lgbm,female,pearson_r,7,0.25904662808532414
liver_viscosity,full,demo,lgbm,female,pearson_r,8,0.25831737666212723
liver_viscosity,full,demo,lgbm,female,pearson_r,9,0.2595691480249394
liver_viscosity,full,demo,lgbm,female,pearson_r,10,0.25625038671456996
liver_viscosity,full,demo,lgbm,female,pearson_r,11,0.25008301008600775
liver_viscosity,full,demo,lgbm,female,pearson_r,12,0.2449731844322674
liver_viscosity,full,demo,lgbm,female,pearson_r,13,0.2618331997657483
liver_viscosity,full,demo,lgbm,female,pearson_r,14,0.27237104970633236
liver_viscosity,full,demo,lgbm,overall,pearson_r,0,0.24812380707622533
liver_viscosity,full,demo,lgbm,overall,pearson_r,1,0.24575304680454066
liver_viscosity,full,demo,lgbm,overall,pearson_r,2,0.23597712570173182
liver_viscosity,full,demo,lgbm,overall,pearson_r,3,0.23410958894836154
liver_viscosity,full,demo,lgbm,overall,pearson_r,4,0.24136768034953476
liver_viscosity,full,demo,lgbm,overall,pearson_r,5,0.23427045080978331
liver_viscosity,full,demo,lgbm,overall,pearson_r,6,0.23417028587143535
liver_viscosity,full,demo,lgbm,overall,pearson_r,7,0.2377909989570032
liver_viscosity,full,demo,lgbm,overall,pearson_r,8,0.23632842374996121
liver_viscosity,full,demo,lgbm,overall,pearson_r,9,0.23816926395062765
liver_viscosity,full,demo,lgbm,overall,pearson_r,10,0.23224334500012095
liver_viscosity,full,demo,lgbm,overall,pearson_r,11,0.2297528128857889
liver_viscosity,full,demo,lgbm,overall,pearson_r,12,0.22899182760642167
liver_viscosity,full,demo,lgbm,overall,pearson_r,13,0.23280006110927623
liver_viscosity,full,demo,lgbm,overall,pearson_r,14,0.24518399082202638
liver_viscosity,full,demo,ridge,male,pearson_r,0,0.2215001444480502
liver_viscosity,full,demo,ridge,male,pearson_r,1,0.2230484336346287
liver_viscosity,full,demo,ridge,male,pearson_r,2,0.22386625839481367
liver_viscosity,full,demo,ridge,male,pearson_r,3,0.2233501411855077
liver_viscosity,full,demo,ridge,male,pearson_r,4,0.22106535742493186
liver_viscosity,full,demo,ridge,male,pearson_r,5,0.22243454096021478
liver_viscosity,full,demo,ridge,male,pearson_r,6,0.2185448844745538
liver_viscosity,full,demo,ridge,male,pearson_r,7,0.22359712958913416
liver_viscosity,full,demo,ridge,male,pearson_r,8,0.22052494342929108
liver_viscosity,full,demo,ridge,male,pearson_r,9,0.22274760583653958
liver_viscosity,full,demo,ridge,male,pearson_r,10,0.22172991905620498
liver_viscosity,full,demo,ridge,male,pearson_r,11,0.22162958338395877
liver_viscosity,full,demo,ridge,male,pearson_r,12,0.21985348171358035
liver_viscosity,full,demo,ridge,male,pearson_r,13,0.22024364104292815
liver_viscosity,full,demo,ridge,male,pearson_r,14,0.22206687544022138
liver_viscosity,full,demo,ridge,female,pearson_r,0,0.2735526805639508
liver_viscosity,full,demo,ridge,female,pearson_r,1,0.27556735741662164
liver_viscosity,full,demo,ridge,female,pearson_r,2,0.2759310582417359
liver_viscosity,full,demo,ridge,female,pearson_r,3,0.273553977960147
liver_viscosity,full,demo,ridge,female,pearson_r,4,0.2717045539932029
liver_viscosity,full,demo,ridge,female,pearson_r,5,0.27658593263600106
liver_viscosity,full,demo,ridge,female,pearson_r,6,0.2724208997158521
liver_viscosity,full,demo,ridge,female,pearson_r,7,0.2740458659074859
liver_viscosity,full,demo,ridge,female,pearson_r,8,0.2742081339287283
liver_viscosity,full,demo,ridge,female,pearson_r,9,0.27087702381936735
liver_viscosity,full,demo,ridge,female,pearson_r,10,0.2760763675088797
liver_viscosity,full,demo,ridge,female,pearson_r,11,0.27552863957090556
liver_viscosity,full,demo,ridge,female,pearson_r,12,0.2744382181476035
liver_viscosity,full,demo,ridge,female,pearson_r,13,0.27492026827432103
liver_viscosity,full,demo,ridge,female,pearson_r,14,0.27479183640603555
liver_viscosity,full,demo,ridge,overall,pearson_r,0,0.26256813497387943
liver_viscosity,full,demo,ridge,overall,pearson_r,1,0.2644292768881856
liver_viscosity,full,demo,ridge,overall,pearson_r,2,0.2647151540224611
liver_viscosity,full,demo,ridge,overall,pearson_r,3,0.2632208648929727
liver_viscosity,full,demo,ridge,overall,pearson_r,4,0.2614237369599452
liver_viscosity,full,demo,ridge,overall,pearson_r,5,0.2645735239234934
liver_viscosity,full,demo,ridge,overall,pearson_r,6,0.2609440164408267
liver_viscosity,full,demo,ridge,overall,pearson_r,7,0.2635353361617965
liver_viscosity,full,demo,ridge,overall,pearson_r,8,0.26216427885643484
liver_viscosity,full,demo,ridge,overall,pearson_r,9,0.26212939695091675
liver_viscosity,full,demo,ridge,overall,pearson_r,10,0.263870169639557
liver_viscosity,full,demo,ridge,overall,pearson_r,11,0.2635749217001077
liver_viscosity,full,demo,ridge,overall,pearson_r,12,0.2625693140328437
liver_viscosity,full,demo,ridge,overall,pearson_r,13,0.26275068055697687
liver_viscosity,full,demo,ridge,overall,pearson_r,14,0.263560085686688
liver_viscosity,full,clinical,lgbm,male,pearson_r,0,0.22215107711035914
liver_viscosity,full,clinical,lgbm,male,pearson_r,1,0.21822372627081796
liver_viscosity,full,clinical,lgbm,male,pearson_r,2,0.22337203917392845
liver_viscosity,full,clinical,lgbm,male,pearson_r,3,0.22062648903177423
liver_viscosity,full,clinical,lgbm,male,pearson_r,4,0.2313539317174781
liver_viscosity,full,clinical,lgbm,male,pearson_r,5,0.22872561575609163
liver_viscosity,full,clinical,lgbm,male,pearson_r,6,0.21367988138555943
liver_viscosity,full,clinical,lgbm,male,pearson_r,7,0.2283814640759383
liver_viscosity,full,clinical,lgbm,male,pearson_r,8,0.23449955186746568
liver_viscosity,full,clinical,lgbm,male,pearson_r,9,0.22966979916589222
liver_viscosity,full,clinical,lgbm,male,pearson_r,10,0.21511350948726132
liver_viscosity,full,clinical,lgbm,male,pearson_r,11,0.2216146750585332
liver_viscosity,full,clinical,lgbm,male,pearson_r,12,0.2177882849695276
liver_viscosity,full,clinical,lgbm,male,pearson_r,13,0.20871301669476977
liver_viscosity,full,clinical,lgbm,male,pearson_r,14,0.22998317856179507
liver_viscosity,full,clinical,lgbm,female,pearson_r,0,0.23619953802784857
liver_viscosity,full,clinical,lgbm,female,pearson_r,1,0.234293225414378
liver_viscosity,full,clinical,lgbm,female,pearson_r,2,0.2393141902228186
liver_viscosity,full,clinical,lgbm,female,pearson_r,3,0.23396206079570503
liver_viscosity,full,clinical,lgbm,female,pearson_r,4,0.24070898047313632
liver_viscosity,full,clinical,lgbm,female,pearson_r,5,0.23328027388084496
liver_viscosity,full,clinical,lgbm,female,pearson_r,6,0.23718971604413785
liver_viscosity,full,clinical,lgbm,female,pearson_r,7,0.23621915663795529
liver_viscosity,full,clinical,lgbm,female,pearson_r,8,0.24682825807421033
liver_viscosity,full,clinical,lgbm,female,pearson_r,9,0.2267453525218674
liver_viscosity,full,clinical,lgbm,female,pearson_r,10,0.2435039218386523
liver_viscosity,full,clinical,lgbm,female,pearson_r,11,0.22538966103207686
liver_viscosity,full,clinical,lgbm,female,pearson_r,12,0.2362515548189525
liver_viscosity,full,clinical,lgbm,female,pearson_r,13,0.23795934127412588
liver_viscosity,full,clinical,lgbm,female,pearson_r,14,0.2394291674126196
liver_viscosity,full,clinical,lgbm,overall,pearson_r,0,0.25851571065666457
liver_viscosity,full,clinical,lgbm,overall,pearson_r,1,0.25553431276206795
liver_viscosity,full,clinical,lgbm,overall,pearson_r,2,0.26044404921031883
liver_viscosity,full,clinical,lgbm,overall,pearson_r,3,0.2569873574489034
liver_viscosity,full,clinical,lgbm,overall,pearson_r,4,0.26495979333741976
liver_viscosity,full,clinical,lgbm,overall,pearson_r,5,0.2595789623647758
liver_viscosity,full,clinical,lgbm,overall,pearson_r,6,0.2564428321805437
liver_viscosity,full,clinical,lgbm,overall,pearson_r,7,0.2608108454118473
liver_viscosity,full,clinical,lgbm,overall,pearson_r,8,0.2690113524770832
liver_viscosity,full,clinical,lgbm,overall,pearson_r,9,0.2541865016667917
liver_viscosity,full,clinical,lgbm,overall,pearson_r,10,0.2590557474080827
liver_viscosity,full,clinical,lgbm,overall,pearson_r,11,0.25238915750122937
liver_viscosity,full,clinical,lgbm,overall,pearson_r,12,0.256921464526286
liver_viscosity,full,clinical,lgbm,overall,pearson_r,13,0.2523266169860255
liver_viscosity,full,clinical,lgbm,overall,pearson_r,14,0.2626913486602575
liver_viscosity,full,clinical,ridge,male,pearson_r,0,0.22789011438476986
liver_viscosity,full,clinical,ridge,male,pearson_r,1,0.24021563948770142
liver_viscosity,full,clinical,ridge,male,pearson_r,2,0.2447251401884483
liver_viscosity,full,clinical,ridge,male,pearson_r,3,0.23875379286988924
liver_viscosity,full,clinical,ridge,male,pearson_r,4,0.24251968240638733
liver_viscosity,full,clinical,ridge,male,pearson_r,5,0.2399357108429488
liver_viscosity,full,clinical,ridge,male,pearson_r,6,0.23852566709619674
liver_viscosity,full,clinical,ridge,male,pearson_r,7,0.23918638119073504
liver_viscosity,full,clinical,ridge,male,pearson_r,8,0.2445809228376606
liver_viscosity,full,clinical,ridge,male,pearson_r,9,0.24011427445202257
liver_viscosity,full,clinical,ridge,male,pearson_r,10,0.2370258819702394
liver_viscosity,full,clinical,ridge,male,pearson_r,11,0.2294009187930141
liver_viscosity,full,clinical,ridge,male,pearson_r,12,0.2384926280474182
liver_viscosity,full,clinical,ridge,male,pearson_r,13,0.234081773366965
liver_viscosity,full,clinical,ridge,male,pearson_r,14,0.23953092222610556
liver_viscosity,full,clinical,ridge,female,pearson_r,0,0.24825145843591667
liver_viscosity,full,clinical,ridge,female,pearson_r,1,0.25438979085584784
liver_viscosity,full,clinical,ridge,female,pearson_r,2,0.2577108438794792
liver_viscosity,full,clinical,ridge,female,pearson_r,3,0.2511348229499162
liver_viscosity,full,clinical,ridge,female,pearson_r,4,0.24924852141504844
liver_viscosity,full,clinical,ridge,female,pearson_r,5,0.2537739164064056
liver_viscosity,full,clinical,ridge,female,pearson_r,6,0.25019735358757245
liver_viscosity,full,clinical,ridge,female,pearson_r,7,0.2486031244572623
liver_viscosity,full,clinical,ridge,female,pearson_r,8,0.2519487217117352
liver_viscosity,full,clinical,ridge,female,pearson_r,9,0.24786783217970762
liver_viscosity,full,clinical,ridge,female,pearson_r,10,0.25446144804065407
liver_viscosity,full,clinical,ridge,female,pearson_r,11,0.2505291102087769
liver_viscosity,full,clinical,ridge,female,pearson_r,12,0.2542635288528341
liver_viscosity,full,clinical,ridge,female,pearson_r,13,0.2512303597983765
liver_viscosity,full,clinical,ridge,female,pearson_r,14,0.2549602682321477
liver_viscosity,full,clinical,ridge,overall,pearson_r,0,0.2774859319593502
liver_viscosity,full,clinical,ridge,overall,pearson_r,1,0.28620711008773514
liver_viscosity,full,clinical,ridge,overall,pearson_r,2,0.28948819174906154
liver_viscosity,full,clinical,ridge,overall,pearson_r,3,0.28356690508720195
liver_viscosity,full,clinical,ridge,overall,pearson_r,4,0.28398960969015646
liver_viscosity,full,clinical,ridge,overall,pearson_r,5,0.2852456592479431
liver_viscosity,full,clinical,ridge,overall,pearson_r,6,0.2832326099214281
liver_viscosity,full,clinical,ridge,overall,pearson_r,7,0.2823197658967782
liver_viscosity,full,clinical,ridge,overall,pearson_r,8,0.2862376130864315
liver_viscosity,full,clinical,ridge,overall,pearson_r,9,0.28201076624267457
liver_viscosity,full,clinical,ridge,overall,pearson_r,10,0.28413055988969116
liver_viscosity,full,clinical,ridge,overall,pearson_r,11,0.27900695884073723
liver_viscosity,full,clinical,ridge,overall,pearson_r,12,0.285127725094019
liver_viscosity,full,clinical,ridge,overall,pearson_r,13,0.28183931031240267
liver_viscosity,full,clinical,ridge,overall,pearson_r,14,0.28561198334596055
liver_sound_speed,full,gait,-,male,pearson_r,0,0.5376390831764509
liver_sound_speed,full,gait,-,male,pearson_r,1,0.5351380284752123
liver_sound_speed,full,gait,-,male,pearson_r,2,0.5307099038518571
liver_sound_speed,full,gait,-,male,pearson_r,3,0.5357830110777138
liver_sound_speed,full,gait,-,male,pearson_r,4,0.5317901179497004
liver_sound_speed,full,gait,-,male,pearson_r,5,0.5299231355802666
liver_sound_speed,full,gait,-,male,pearson_r,6,0.5299370957614414
liver_sound_speed,full,gait,-,male,pearson_r,7,0.5321371103314603
liver_sound_speed,full,gait,-,male,pearson_r,8,0.5327887973570316
liver_sound_speed,full,gait,-,male,pearson_r,9,0.5321636474196577
liver_sound_speed,full,gait,-,male,pearson_r,10,0.5344806172115847
liver_sound_speed,full,gait,-,male,pearson_r,11,0.53558113938681
liver_sound_speed,full,gait,-,male,pearson_r,12,0.5361815856463769
liver_sound_speed,full,gait,-,male,pearson_r,13,0.5360076196583851
liver_sound_speed,full,gait,-,male,pearson_r,14,0.529525545403771
liver_sound_speed,full,gait,-,female,pearson_r,0,0.6075848294092214
liver_sound_speed,full,gait,-,female,pearson_r,1,0.6025638275671471
liver_sound_speed,full,gait,-,female,pearson_r,2,0.6097917411283992
liver_sound_speed,full,gait,-,female,pearson_r,3,0.6109181475578549
liver_sound_speed,full,gait,-,female,pearson_r,4,0.6106941579689168
liver_sound_speed,full,gait,-,female,pearson_r,5,0.6098897205880611
liver_sound_speed,full,gait,-,female,pearson_r,6,0.6034612407941577
liver_sound_speed,full,gait,-,female,pearson_r,7,0.6019105238400815
liver_sound_speed,full,gait,-,female,pearson_r,8,0.6086503163036543
liver_sound_speed,full,gait,-,female,pearson_r,9,0.610521937624005
liver_sound_speed,full,gait,-,female,pearson_r,10,0.6054666635602569
liver_sound_speed,full,gait,-,female,pearson_r,11,0.6087016874037308
liver_sound_speed,full,gait,-,female,pearson_r,12,0.6063896578910254
liver_sound_speed,full,gait,-,female,pearson_r,13,0.6041524490836019
liver_sound_speed,full,gait,-,female,pearson_r,14,0.6095913972663788
liver_sound_speed,full,gait,-,overall,pearson_r,0,0.6088120672840512
liver_sound_speed,full,gait,-,overall,pearson_r,1,0.6055096417662497
liver_sound_speed,full,gait,-,overall,pearson_r,2,0.6072521963703179
liver_sound_speed,full,gait,-,overall,pearson_r,3,0.6099758757938597
liver_sound_speed,full,gait,-,overall,pearson_r,4,0.6086522522061734
liver_sound_speed,full,gait,-,overall,pearson_r,5,0.6069773768787622
liver_sound_speed,full,gait,-,overall,pearson_r,6,0.6037505849261854
liver_sound_speed,full,gait,-,overall,pearson_r,7,0.6035478110144677
liver_sound_speed,full,gait,-,overall,pearson_r,8,0.6075848572964027
liver_sound_speed,full,gait,-,overall,pearson_r,9,0.6083621346119418
liver_sound_speed,full,gait,-,overall,pearson_r,10,0.6065747464196032
liver_sound_speed,full,gait,-,overall,pearson_r,11,0.6088466009272059
liver_sound_speed,full,gait,-,overall,pearson_r,12,0.6073845004140398
liver_sound_speed,full,gait,-,overall,pearson_r,13,0.6061889782752301
liver_sound_speed,full,gait,-,overall,pearson_r,14,0.6069031224808749
liver_sound_speed,full,demo,lgbm,male,pearson_r,0,0.48996426751700395
liver_sound_speed,full,demo,lgbm,male,pearson_r,1,0.4929202484958787
liver_sound_speed,full,demo,lgbm,male,pearson_r,2,0.49452022210606905
liver_sound_speed,full,demo,lgbm,male,pearson_r,3,0.493127584846149
liver_sound_speed,full,demo,lgbm,male,pearson_r,4,0.4964369043920265
liver_sound_speed,full,demo,lgbm,male,pearson_r,5,0.49309122751722023
liver_sound_speed,full,demo,lgbm,male,pearson_r,6,0.49526909764318783
liver_sound_speed,full,demo,lgbm,male,pearson_r,7,0.49643405187084383
liver_sound_speed,full,demo,lgbm,male,pearson_r,8,0.49237999844148417
liver_sound_speed,full,demo,lgbm,male,pearson_r,9,0.4843842706261107
liver_sound_speed,full,demo,lgbm,male,pearson_r,10,0.4881049010508366
liver_sound_speed,full,demo,lgbm,male,pearson_r,11,0.4926314529248707
liver_sound_speed,full,demo,lgbm,male,pearson_r,12,0.49560874425536944
liver_sound_speed,full,demo,lgbm,male,pearson_r,13,0.49033465984365504
liver_sound_speed,full,demo,lgbm,male,pearson_r,14,0.49111995877989534
liver_sound_speed,full,demo,lgbm,female,pearson_r,0,0.5774947075463395
liver_sound_speed,full,demo,lgbm,female,pearson_r,1,0.5760852355075277
liver_sound_speed,full,demo,lgbm,female,pearson_r,2,0.5800163867414885
liver_sound_speed,full,demo,lgbm,female,pearson_r,3,0.5821272495735994
liver_sound_speed,full,demo,lgbm,female,pearson_r,4,0.5728732448148983
liver_sound_speed,full,demo,lgbm,female,pearson_r,5,0.569826263442816
liver_sound_speed,full,demo,lgbm,female,pearson_r,6,0.5797108812921361
liver_sound_speed,full,demo,lgbm,female,pearson_r,7,0.5808768047057442
liver_sound_speed,full,demo,lgbm,female,pearson_r,8,0.575970181775456
liver_sound_speed,full,demo,lgbm,female,pearson_r,9,0.5780639763169514
liver_sound_speed,full,demo,lgbm,female,pearson_r,10,0.5771348066315031
liver_sound_speed,full,demo,lgbm,female,pearson_r,11,0.5793202868038441
liver_sound_speed,full,demo,lgbm,female,pearson_r,12,0.5760060778879509
liver_sound_speed,full,demo,lgbm,female,pearson_r,13,0.5775087764124157
liver_sound_speed,full,demo,lgbm,female,pearson_r,14,0.5828718501439845
liver_sound_speed,full,demo,lgbm,overall,pearson_r,0,0.4984847601661695
liver_sound_speed,full,demo,lgbm,overall,pearson_r,1,0.49941517626601467
liver_sound_speed,full,demo,lgbm,overall,pearson_r,2,0.5015232832639477
liver_sound_speed,full,demo,lgbm,overall,pearson_r,3,0.5026589174840157
liver_sound_speed,full,demo,lgbm,overall,pearson_r,4,0.49945708414790563
liver_sound_speed,full,demo,lgbm,overall,pearson_r,5,0.4941059735994117
liver_sound_speed,full,demo,lgbm,overall,pearson_r,6,0.502280731841649
liver_sound_speed,full,demo,lgbm,overall,pearson_r,7,0.5022772193702013
liver_sound_speed,full,demo,lgbm,overall,pearson_r,8,0.498341985109342
liver_sound_speed,full,demo,lgbm,overall,pearson_r,9,0.49633817171374867
liver_sound_speed,full,demo,lgbm,overall,pearson_r,10,0.49786708073512753
liver_sound_speed,full,demo,lgbm,overall,pearson_r,11,0.5009895831235311
liver_sound_speed,full,demo,lgbm,overall,pearson_r,12,0.4988457385322044
liver_sound_speed,full,demo,lgbm,overall,pearson_r,13,0.49886878599144324
liver_sound_speed,full,demo,lgbm,overall,pearson_r,14,0.5021493200827151
liver_sound_speed,full,demo,ridge,male,pearson_r,0,0.5065450228148044
liver_sound_speed,full,demo,ridge,male,pearson_r,1,0.5073754769668373
liver_sound_speed,full,demo,ridge,male,pearson_r,2,0.5070456923161772
liver_sound_speed,full,demo,ridge,male,pearson_r,3,0.5081686592631233
liver_sound_speed,full,demo,ridge,male,pearson_r,4,0.5064823656471032
liver_sound_speed,full,demo,ridge,male,pearson_r,5,0.5079732017900565
liver_sound_speed,full,demo,ridge,male,pearson_r,6,0.5089339528842504
liver_sound_speed,full,demo,ridge,male,pearson_r,7,0.5089243767363271
liver_sound_speed,full,demo,ridge,male,pearson_r,8,0.5078718934159172
liver_sound_speed,full,demo,ridge,male,pearson_r,9,0.5058773593846332
liver_sound_speed,full,demo,ridge,male,pearson_r,10,0.508665792116271
liver_sound_speed,full,demo,ridge,male,pearson_r,11,0.5090758514649137
liver_sound_speed,full,demo,ridge,male,pearson_r,12,0.5086669695292207
liver_sound_speed,full,demo,ridge,male,pearson_r,13,0.507772066868088
liver_sound_speed,full,demo,ridge,male,pearson_r,14,0.5068207874142349
liver_sound_speed,full,demo,ridge,female,pearson_r,0,0.5988944836419472
liver_sound_speed,full,demo,ridge,female,pearson_r,1,0.5978518944113442
liver_sound_speed,full,demo,ridge,female,pearson_r,2,0.5974313286258245
liver_sound_speed,full,demo,ridge,female,pearson_r,3,0.5991316629367027
liver_sound_speed,full,demo,ridge,female,pearson_r,4,0.5975337660010732
liver_sound_speed,full,demo,ridge,female,pearson_r,5,0.5985092770775877
liver_sound_speed,full,demo,ridge,female,pearson_r,6,0.5981726942161755
liver_sound_speed,full,demo,ridge,female,pearson_r,7,0.5991715195872753
liver_sound_speed,full,demo,ridge,female,pearson_r,8,0.5977438070879387
liver_sound_speed,full,demo,ridge,female,pearson_r,9,0.5975050148210366
liver_sound_speed,full,demo,ridge,female,pearson_r,10,0.5976516921604437
liver_sound_speed,full,demo,ridge,female,pearson_r,11,0.5984350808169308
liver_sound_speed,full,demo,ridge,female,pearson_r,12,0.5973083558890826
liver_sound_speed,full,demo,ridge,female,pearson_r,13,0.5993648178445377
liver_sound_speed,full,demo,ridge,female,pearson_r,14,0.5987163423496469
liver_sound_speed,full,demo,ridge,overall,pearson_r,0,0.5136507003172298
liver_sound_speed,full,demo,ridge,overall,pearson_r,1,0.5132826648633583
liver_sound_speed,full,demo,ridge,overall,pearson_r,2,0.5131934210105349
liver_sound_speed,full,demo,ridge,overall,pearson_r,3,0.5146339142617569
liver_sound_speed,full,demo,ridge,overall,pearson_r,4,0.5130661634872349
liver_sound_speed,full,demo,ridge,overall,pearson_r,5,0.5139324795586083
liver_sound_speed,full,demo,ridge,overall,pearson_r,6,0.5142161439956509
liver_sound_speed,full,demo,ridge,overall,pearson_r,7,0.515039818929036
liver_sound_speed,full,demo,ridge,overall,pearson_r,8,0.5137226963108588
liver_sound_speed,full,demo,ridge,overall,pearson_r,9,0.5128506932942914
liver_sound_speed,full,demo,ridge,overall,pearson_r,10,0.5138711601228612
liver_sound_speed,full,demo,ridge,overall,pearson_r,11,0.5146459016508538
liver_sound_speed,full,demo,ridge,overall,pearson_r,12,0.5137208007838855
liver_sound_speed,full,demo,ridge,overall,pearson_r,13,0.5145708905324912
liver_sound_speed,full,demo,ridge,overall,pearson_r,14,0.5138566884574969
liver_sound_speed,full,clinical,lgbm,male,pearson_r,0,0.49229103585145567
liver_sound_speed,full,clinical,lgbm,male,pearson_r,1,0.48889719753511096
liver_sound_speed,full,clinical,lgbm,male,pearson_r,2,0.4915639252661068
liver_sound_speed,full,clinical,lgbm,male,pearson_r,3,0.500209540899926
liver_sound_speed,full,clinical,lgbm,male,pearson_r,4,0.49198340911366395
liver_sound_speed,full,clinical,lgbm,male,pearson_r,5,0.49429603740451206
liver_sound_speed,full,clinical,lgbm,male,pearson_r,6,0.4965537010572123
liver_sound_speed,full,clinical,lgbm,male,pearson_r,7,0.5006963389547624
liver_sound_speed,full,clinical,lgbm,male,pearson_r,8,0.4947767597515835
liver_sound_speed,full,clinical,lgbm,male,pearson_r,9,0.49095583261659553
liver_sound_speed,full,clinical,lgbm,male,pearson_r,10,0.48502847335223925
liver_sound_speed,full,clinical,lgbm,male,pearson_r,11,0.49177954296376036
liver_sound_speed,full,clinical,lgbm,male,pearson_r,12,0.4942795145364704
liver_sound_speed,full,clinical,lgbm,male,pearson_r,13,0.48848208489497125
liver_sound_speed,full,clinical,lgbm,male,pearson_r,14,0.48751720448885466
liver_sound_speed,full,clinical,lgbm,female,pearson_r,0,0.5735525352008426
liver_sound_speed,full,clinical,lgbm,female,pearson_r,1,0.5634904182205551
liver_sound_speed,full,clinical,lgbm,female,pearson_r,2,0.5731118626590923
liver_sound_speed,full,clinical,lgbm,female,pearson_r,3,0.5721716592116695
liver_sound_speed,full,clinical,lgbm,female,pearson_r,4,0.5704419317018187
liver_sound_speed,full,clinical,lgbm,female,pearson_r,5,0.5711090079726766
liver_sound_speed,full,clinical,lgbm,female,pearson_r,6,0.5724825981669942
liver_sound_speed,full,clinical,lgbm,female,pearson_r,7,0.575694090802374
liver_sound_speed,full,clinical,lgbm,female,pearson_r,8,0.5707406858030436
liver_sound_speed,full,clinical,lgbm,female,pearson_r,9,0.577118797297846
liver_sound_speed,full,clinical,lgbm,female,pearson_r,10,0.5638274867752754
liver_sound_speed,full,clinical,lgbm,female,pearson_r,11,0.5703360909894477
liver_sound_speed,full,clinical,lgbm,female,pearson_r,12,0.5629556827591697
liver_sound_speed,full,clinical,lgbm,female,pearson_r,13,0.5702091736599122
liver_sound_speed,full,clinical,lgbm,female,pearson_r,14,0.5740558074320008
liver_sound_speed,full,clinical,lgbm,overall,pearson_r,0,0.5294663207828219
liver_sound_speed,full,clinical,lgbm,overall,pearson_r,1,0.5248734434732073
liver_sound_speed,full,clinical,lgbm,overall,pearson_r,2,0.5292404742369168
liver_sound_speed,full,clinical,lgbm,overall,pearson_r,3,0.5327070287261234
liver_sound_speed,full,clinical,lgbm,overall,pearson_r,4,0.5293863075484859
liver_sound_speed,full,clinical,lgbm,overall,pearson_r,5,0.5295769224566713
liver_sound_speed,full,clinical,lgbm,overall,pearson_r,6,0.5316204230393701
liver_sound_speed,full,clinical,lgbm,overall,pearson_r,7,0.5357706695582342
liver_sound_speed,full,clinical,lgbm,overall,pearson_r,8,0.5296468233161281
liver_sound_speed,full,clinical,lgbm,overall,pearson_r,9,0.5314411544461364
liver_sound_speed,full,clinical,lgbm,overall,pearson_r,10,0.5217218441657633
liver_sound_speed,full,clinical,lgbm,overall,pearson_r,11,0.5284194489398699
liver_sound_speed,full,clinical,lgbm,overall,pearson_r,12,0.52426000452225
liver_sound_speed,full,clinical,lgbm,overall,pearson_r,13,0.5281122535862475
liver_sound_speed,full,clinical,lgbm,overall,pearson_r,14,0.5284027940105069
liver_sound_speed,full,clinical,ridge,male,pearson_r,0,0.49908158155519344
liver_sound_speed,full,clinical,ridge,male,pearson_r,1,0.500804174096646
liver_sound_speed,full,clinical,ridge,male,pearson_r,2,0.49957286460821615
liver_sound_speed,full,clinical,ridge,male,pearson_r,3,0.5023970659268296
liver_sound_speed,full,clinical,ridge,male,pearson_r,4,0.4983086324165702
liver_sound_speed,full,clinical,ridge,male,pearson_r,5,0.4997833662512804
liver_sound_speed,full,clinical,ridge,male,pearson_r,6,0.49897675860955354
liver_sound_speed,full,clinical,ridge,male,pearson_r,7,0.501040361227714
liver_sound_speed,full,clinical,ridge,male,pearson_r,8,0.4998125457414519
liver_sound_speed,full,clinical,ridge,male,pearson_r,9,0.49828850353573056
liver_sound_speed,full,clinical,ridge,male,pearson_r,10,0.5007697399115736
liver_sound_speed,full,clinical,ridge,male,pearson_r,11,0.5018977332326087
liver_sound_speed,full,clinical,ridge,male,pearson_r,12,0.5022979877262911
liver_sound_speed,full,clinical,ridge,male,pearson_r,13,0.5003165782423215
liver_sound_speed,full,clinical,ridge,male,pearson_r,14,0.4992760945719359
liver_sound_speed,full,clinical,ridge,female,pearson_r,0,0.5889422405214446
liver_sound_speed,full,clinical,ridge,female,pearson_r,1,0.5877535008326943
liver_sound_speed,full,clinical,ridge,female,pearson_r,2,0.588061182584261
liver_sound_speed,full,clinical,ridge,female,pearson_r,3,0.5892039850171179
liver_sound_speed,full,clinical,ridge,female,pearson_r,4,0.5881002867182414
liver_sound_speed,full,clinical,ridge,female,pearson_r,5,0.5894303342543619
liver_sound_speed,full,clinical,ridge,female,pearson_r,6,0.5878101364369133
liver_sound_speed,full,clinical,ridge,female,pearson_r,7,0.5905001443463551
liver_sound_speed,full,clinical,ridge,female,pearson_r,8,0.5885130448070286
liver_sound_speed,full,clinical,ridge,female,pearson_r,9,0.5864186800713649
liver_sound_speed,full,clinical,ridge,female,pearson_r,10,0.5860066056272217
liver_sound_speed,full,clinical,ridge,female,pearson_r,11,0.5891263734045529
liver_sound_speed,full,clinical,ridge,female,pearson_r,12,0.586392410235241
liver_sound_speed,full,clinical,ridge,female,pearson_r,13,0.588362172522717
liver_sound_speed,full,clinical,ridge,female,pearson_r,14,0.5902201906632962
liver_sound_speed,full,clinical,ridge,overall,pearson_r,0,0.5388081083044625
liver_sound_speed,full,clinical,ridge,overall,pearson_r,1,0.5389663319689721
liver_sound_speed,full,clinical,ridge,overall,pearson_r,2,0.5390087453735702
liver_sound_speed,full,clinical,ridge,overall,pearson_r,3,0.5405617449604967
liver_sound_speed,full,clinical,ridge,overall,pearson_r,4,0.538255811001609
liver_sound_speed,full,clinical,ridge,overall,pearson_r,5,0.5396694218121638
liver_sound_speed,full,clinical,ridge,overall,pearson_r,6,0.5382512729143675
liver_sound_speed,full,clinical,ridge,overall,pearson_r,7,0.5408444082911148
liver_sound_speed,full,clinical,ridge,overall,pearson_r,8,0.5391654011167396
liver_sound_speed,full,clinical,ridge,overall,pearson_r,9,0.5370026093654371
liver_sound_speed,full,clinical,ridge,overall,pearson_r,10,0.5381239558618317
liver_sound_speed,full,clinical,ridge,overall,pearson_r,11,0.5403032225884922
liver_sound_speed,full,clinical,ridge,overall,pearson_r,12,0.5389503010411729
liver_sound_speed,full,clinical,ridge,overall,pearson_r,13,0.5393564134928943
liver_sound_speed,full,clinical,ridge,overall,pearson_r,14,0.5400336145572842
liver_attenuation,full,gait,-,male,pearson_r,0,0.3686435906038009
liver_attenuation,full,gait,-,male,pearson_r,1,0.3591501238994991
liver_attenuation,full,gait,-,male,pearson_r,2,0.36595011724789545
liver_attenuation,full,gait,-,male,pearson_r,3,0.35558511444697716
liver_attenuation,full,gait,-,male,pearson_r,4,0.36683095968248863
liver_attenuation,full,gait,-,male,pearson_r,5,0.3565496727030512
liver_attenuation,full,gait,-,male,pearson_r,6,0.3618466814938191
liver_attenuation,full,gait,-,male,pearson_r,7,0.3561067693826604
liver_attenuation,full,gait,-,male,pearson_r,8,0.3609605474888622
liver_attenuation,full,gait,-,male,pearson_r,9,0.3573676403855043
liver_attenuation,full,gait,-,male,pearson_r,10,0.3596036094822647
liver_attenuation,full,gait,-,male,pearson_r,11,0.35308841404218
liver_attenuation,full,gait,-,male,pearson_r,12,0.36195138777899133
liver_attenuation,full,gait,-,male,pearson_r,13,0.35912383231028416
liver_attenuation,full,gait,-,male,pearson_r,14,0.3637528972268667
liver_attenuation,full,gait,-,female,pearson_r,0,0.24798898270947597
liver_attenuation,full,gait,-,female,pearson_r,1,0.25030758441722134
liver_attenuation,full,gait,-,female,pearson_r,2,0.23204393979328417
liver_attenuation,full,gait,-,female,pearson_r,3,0.22839986346738692
liver_attenuation,full,gait,-,female,pearson_r,4,0.24289551204884902
liver_attenuation,full,gait,-,female,pearson_r,5,0.24438725855944748
liver_attenuation,full,gait,-,female,pearson_r,6,0.24185529604423273
liver_attenuation,full,gait,-,female,pearson_r,7,0.24016648498073495
liver_attenuation,full,gait,-,female,pearson_r,8,0.2530996684012534
liver_attenuation,full,gait,-,female,pearson_r,9,0.24738039351059582
liver_attenuation,full,gait,-,female,pearson_r,10,0.2644840260647975
liver_attenuation,full,gait,-,female,pearson_r,11,0.25225057183932625
liver_attenuation,full,gait,-,female,pearson_r,12,0.24778671705829294
liver_attenuation,full,gait,-,female,pearson_r,13,0.24992348910108197
liver_attenuation,full,gait,-,female,pearson_r,14,0.24055110646830052
liver_attenuation,full,gait,-,overall,pearson_r,0,0.30847110975184455
liver_attenuation,full,gait,-,overall,pearson_r,1,0.3050714213309342
liver_attenuation,full,gait,-,overall,pearson_r,2,0.2987313785938011
liver_attenuation,full,gait,-,overall,pearson_r,3,0.29175342458284464
liver_attenuation,full,gait,-,overall,pearson_r,4,0.30452615868035365
liver_attenuation,full,gait,-,overall,pearson_r,5,0.3011741884156561
liver_attenuation,full,gait,-,overall,pearson_r,6,0.30180606398379567
liver_attenuation,full,gait,-,overall,pearson_r,7,0.2980811092721564
liver_attenuation,full,gait,-,overall,pearson_r,8,0.307633945925612
liver_attenuation,full,gait,-,overall,pearson_r,9,0.3027711241297541
liver_attenuation,full,gait,-,overall,pearson_r,10,0.3120848469397901
liver_attenuation,full,gait,-,overall,pearson_r,11,0.3030858595554941
liver_attenuation,full,gait,-,overall,pearson_r,12,0.3046248213120507
liver_attenuation,full,gait,-,overall,pearson_r,13,0.3040653004885321
liver_attenuation,full,gait,-,overall,pearson_r,14,0.3025241734397064
liver_attenuation,full,demo,lgbm,male,pearson_r,0,0.3119809680384659
liver_attenuation,full,demo,lgbm,male,pearson_r,1,0.3192516305757857
liver_attenuation,full,demo,lgbm,male,pearson_r,2,0.3212423482819115
liver_attenuation,full,demo,lgbm,male,pearson_r,3,0.32491689753074326
liver_attenuation,full,demo,lgbm,male,pearson_r,4,0.3183914878963337
liver_attenuation,full,demo,lgbm,male,pearson_r,5,0.3126947408547149
liver_attenuation,full,demo,lgbm,male,pearson_r,6,0.3172046022651547
liver_attenuation,full,demo,lgbm,male,pearson_r,7,0.31915665532296394
liver_attenuation,full,demo,lgbm,male,pearson_r,8,0.3261001520761799
liver_attenuation,full,demo,lgbm,male,pearson_r,9,0.3166899072235724
liver_attenuation,full,demo,lgbm,male,pearson_r,10,0.31446592399074924
liver_attenuation,full,demo,lgbm,male,pearson_r,11,0.3163446654235519
liver_attenuation,full,demo,lgbm,male,pearson_r,12,0.32309273921281273
liver_attenuation,full,demo,lgbm,male,pearson_r,13,0.3178067998640963
liver_attenuation,full,demo,lgbm,male,pearson_r,14,0.3200971992249976
liver_attenuation,full,demo,lgbm,female,pearson_r,0,0.23887092316803077
liver_attenuation,full,demo,lgbm,female,pearson_r,1,0.2529115724614096
liver_attenuation,full,demo,lgbm,female,pearson_r,2,0.2595003316300979
liver_attenuation,full,demo,lgbm,female,pearson_r,3,0.25800215447865676
liver_attenuation,full,demo,lgbm,female,pearson_r,4,0.2530837574393181
liver_attenuation,full,demo,lgbm,female,pearson_r,5,0.2533676308581866
liver_attenuation,full,demo,lgbm,female,pearson_r,6,0.23801733592045105
liver_attenuation,full,demo,lgbm,female,pearson_r,7,0.2616763140724123
liver_attenuation,full,demo,lgbm,female,pearson_r,8,0.25826706409565425
liver_attenuation,full,demo,lgbm,female,pearson_r,9,0.26055777997957014
liver_attenuation,full,demo,lgbm,female,pearson_r,10,0.24796804753586055
liver_attenuation,full,demo,lgbm,female,pearson_r,11,0.25589267350966755
liver_attenuation,full,demo,lgbm,female,pearson_r,12,0.25842976636639836
liver_attenuation,full,demo,lgbm,female,pearson_r,13,0.25616338881958917
liver_attenuation,full,demo,lgbm,female,pearson_r,14,0.25134499113402553
liver_attenuation,full,demo,lgbm,overall,pearson_r,0,0.27175746480555013
liver_attenuation,full,demo,lgbm,overall,pearson_r,1,0.28280162903132583
liver_attenuation,full,demo,lgbm,overall,pearson_r,2,0.2865646402102627
liver_attenuation,full,demo,lgbm,overall,pearson_r,3,0.28777776838906716
liver_attenuation,full,demo,lgbm,overall,pearson_r,4,0.28188438743924127
liver_attenuation,full,demo,lgbm,overall,pearson_r,5,0.27937082728755125
liver_attenuation,full,demo,lgbm,overall,pearson_r,6,0.2735186658066812
liver_attenuation,full,demo,lgbm,overall,pearson_r,7,0.2872731247492008
liver_attenuation,full,demo,lgbm,overall,pearson_r,8,0.2882007267778926
liver_attenuation,full,demo,lgbm,overall,pearson_r,9,0.2854071120084007
liver_attenuation,full,demo,lgbm,overall,pearson_r,10,0.2773108701787003
liver_attenuation,full,demo,lgbm,overall,pearson_r,11,0.28232289772296565
liver_attenuation,full,demo,lgbm,overall,pearson_r,12,0.2870266486270007
liver_attenuation,full,demo,lgbm,overall,pearson_r,13,0.2834657282214064
liver_attenuation,full,demo,lgbm,overall,pearson_r,14,0.28177113854122227
liver_attenuation,full,demo,ridge,male,pearson_r,0,0.33718266374623945
liver_attenuation,full,demo,ridge,male,pearson_r,1,0.34073965021691255
liver_attenuation,full,demo,ridge,male,pearson_r,2,0.34121232898023174
liver_attenuation,full,demo,ridge,male,pearson_r,3,0.341615107692074
liver_attenuation,full,demo,ridge,male,pearson_r,4,0.34245205022792996
liver_attenuation,full,demo,ridge,male,pearson_r,5,0.3410756717724268
liver_attenuation,full,demo,ridge,male,pearson_r,6,0.33909942157901224
liver_attenuation,full,demo,ridge,male,pearson_r,7,0.34046567602232813
liver_attenuation,full,demo,ridge,male,pearson_r,8,0.3417122067867764
liver_attenuation,full,demo,ridge,male,pearson_r,9,0.34236569705497827
liver_attenuation,full,demo,ridge,male,pearson_r,10,0.33931843498734127
liver_attenuation,full,demo,ridge,male,pearson_r,11,0.3436081192303608
liver_attenuation,full,demo,ridge,male,pearson_r,12,0.3399987171409575
liver_attenuation,full,demo,ridge,male,pearson_r,13,0.3406030159322297
liver_attenuation,full,demo,ridge,male,pearson_r,14,0.342649363982406
liver_attenuation,full,demo,ridge,female,pearson_r,0,0.26028508143015294
liver_attenuation,full,demo,ridge,female,pearson_r,1,0.2655052534819082
liver_attenuation,full,demo,ridge,female,pearson_r,2,0.2624441492986316
liver_attenuation,full,demo,ridge,female,pearson_r,3,0.26651271413197436
liver_attenuation,full,demo,ridge,female,pearson_r,4,0.26344106997360955
liver_attenuation,full,demo,ridge,female,pearson_r,5,0.2677469987667142
liver_attenuation,full,demo,ridge,female,pearson_r,6,0.26297066240425004
liver_attenuation,full,demo,ridge,female,pearson_r,7,0.2647962992423559
liver_attenuation,full,demo,ridge,female,pearson_r,8,0.2662762186066664
liver_attenuation,full,demo,ridge,female,pearson_r,9,0.26528443462909884
liver_attenuation,full,demo,ridge,female,pearson_r,10,0.26475992948802285
liver_attenuation,full,demo,ridge,female,pearson_r,11,0.2666680099571248
liver_attenuation,full,demo,ridge,female,pearson_r,12,0.26427102439702177
liver_attenuation,full,demo,ridge,female,pearson_r,13,0.26755304981634626
liver_attenuation,full,demo,ridge,female,pearson_r,14,0.2662769810966712
liver_attenuation,full,demo,ridge,overall,pearson_r,0,0.2887403696401999
liver_attenuation,full,demo,ridge,overall,pearson_r,1,0.2929808609966252
liver_attenuation,full,demo,ridge,overall,pearson_r,2,0.29118147207670275
liver_attenuation,full,demo,ridge,overall,pearson_r,3,0.29396523538965585
liver_attenuation,full,demo,ridge,overall,pearson_r,4,0.2923764024805561
liver_attenuation,full,demo,ridge,overall,pearson_r,5,0.29434646672404285
liver_attenuation,full,demo,ridge,overall,pearson_r,6,0.2907512214648616
liver_attenuation,full,demo,ridge,overall,pearson_r,7,0.2924262531435224
liver_attenuation,full,demo,ridge,overall,pearson_r,8,0.2938071433477809
liver_attenuation,full,demo,ridge,overall,pearson_r,9,0.2933710868001477
liver_attenuation,full,demo,ridge,overall,pearson_r,10,0.29177858288877795
liver_attenuation,full,demo,ridge,overall,pearson_r,11,0.2947879281467559
liver_attenuation,full,demo,ridge,overall,pearson_r,12,0.29191797262192176
liver_attenuation,full,demo,ridge,overall,pearson_r,13,0.2940263259294193
liver_attenuation,full,demo,ridge,overall,pearson_r,14,0.2941611358148078
liver_attenuation,full,clinical,lgbm,male,pearson_r,0,0.33428941704926274
liver_attenuation,full,clinical,lgbm,male,pearson_r,1,0.33574426591293166
liver_attenuation,full,clinical,lgbm,male,pearson_r,2,0.3405297911725157
liver_attenuation,full,clinical,lgbm,male,pearson_r,3,0.34326259743876675
liver_attenuation,full,clinical,lgbm,male,pearson_r,4,0.3454696544009467
liver_attenuation,full,clinical,lgbm,male,pearson_r,5,0.33209226121443214
liver_attenuation,full,clinical,lgbm,male,pearson_r,6,0.3302498838482146
liver_attenuation,full,clinical,lgbm,male,pearson_r,7,0.3454832641679901
liver_attenuation,full,clinical,lgbm,male,pearson_r,8,0.35118109091366284
liver_attenuation,full,clinical,lgbm,male,pearson_r,9,0.3355463069177099
liver_attenuation,full,clinical,lgbm,male,pearson_r,10,0.3300553798622645
liver_attenuation,full,clinical,lgbm,male,pearson_r,11,0.33645615657368577
liver_attenuation,full,clinical,lgbm,male,pearson_r,12,0.34249150348037144
liver_attenuation,full,clinical,lgbm,male,pearson_r,13,0.3303853479543064
liver_attenuation,full,clinical,lgbm,male,pearson_r,14,0.34142326594708644
liver_attenuation,full,clinical,lgbm,female,pearson_r,0,0.24531632096426043
liver_attenuation,full,clinical,lgbm,female,pearson_r,1,0.2569813331994446
liver_attenuation,full,clinical,lgbm,female,pearson_r,2,0.2570142471408386
liver_attenuation,full,clinical,lgbm,female,pearson_r,3,0.26303892866259354
liver_attenuation,full,clinical,lgbm,female,pearson_r,4,0.2585827208811664
liver_attenuation,full,clinical,lgbm,female,pearson_r,5,0.25274503679067445
liver_attenuation,full,clinical,lgbm,female,pearson_r,6,0.2406697694068447
liver_attenuation,full,clinical,lgbm,female,pearson_r,7,0.2603453123364431
liver_attenuation,full,clinical,lgbm,female,pearson_r,8,0.2649343944745136
liver_attenuation,full,clinical,lgbm,female,pearson_r,9,0.2699686319902745
liver_attenuation,full,clinical,lgbm,female,pearson_r,10,0.25130216775196623
liver_attenuation,full,clinical,lgbm,female,pearson_r,11,0.2695947278796281
liver_attenuation,full,clinical,lgbm,female,pearson_r,12,0.25164251152391703
liver_attenuation,full,clinical,lgbm,female,pearson_r,13,0.2574096818085609
liver_attenuation,full,clinical,lgbm,female,pearson_r,14,0.26312615767722386
liver_attenuation,full,clinical,lgbm,overall,pearson_r,0,0.2882920137084274
liver_attenuation,full,clinical,lgbm,overall,pearson_r,1,0.2952204196459073
liver_attenuation,full,clinical,lgbm,overall,pearson_r,2,0.29698002781141647
liver_attenuation,full,clinical,lgbm,overall,pearson_r,3,0.30170029831182965
liver_attenuation,full,clinical,lgbm,overall,pearson_r,4,0.3004969507184825
liver_attenuation,full,clinical,lgbm,overall,pearson_r,5,0.290927264938895
liver_attenuation,full,clinical,lgbm,overall,pearson_r,6,0.2832614961616351
liver_attenuation,full,clinical,lgbm,overall,pearson_r,7,0.30154898213900533
liver_attenuation,full,clinical,lgbm,overall,pearson_r,8,0.3063526439738905
liver_attenuation,full,clinical,lgbm,overall,pearson_r,9,0.30143450707422875
liver_attenuation,full,clinical,lgbm,overall,pearson_r,10,0.28942886674069246
liver_attenuation,full,clinical,lgbm,overall,pearson_r,11,0.3017974469622236
liver_attenuation,full,clinical,lgbm,overall,pearson_r,12,0.29504517242761763
liver_attenuation,full,clinical,lgbm,overall,pearson_r,13,0.29269495867915607
liver_attenuation,full,clinical,lgbm,overall,pearson_r,14,0.30090198992777384
liver_attenuation,full,clinical,ridge,male,pearson_r,0,0.3461799159547009
liver_attenuation,full,clinical,ridge,male,pearson_r,1,0.3502522726958884
liver_attenuation,full,clinical,ridge,male,pearson_r,2,0.34527384052745075
liver_attenuation,full,clinical,ridge,male,pearson_r,3,0.34220798043571804
liver_attenuation,full,clinical,ridge,male,pearson_r,4,0.3503343875284377
liver_attenuation,full,clinical,ridge,male,pearson_r,5,0.3461242012749398
liver_attenuation,full,clinical,ridge,male,pearson_r,6,0.34301589220663453
liver_attenuation,full,clinical,ridge,male,pearson_r,7,0.34382180374449445
liver_attenuation,full,clinical,ridge,male,pearson_r,8,0.34634011740179144
liver_attenuation,full,clinical,ridge,male,pearson_r,9,0.34652433443674396
liver_attenuation,full,clinical,ridge,male,pearson_r,10,0.3465342528453012
liver_attenuation,full,clinical,ridge,male,pearson_r,11,0.3457933078512377
liver_attenuation,full,clinical,ridge,male,pearson_r,12,0.34683971878452347
liver_attenuation,full,clinical,ridge,male,pearson_r,13,0.34706706958382777
liver_attenuation,full,clinical,ridge,male,pearson_r,14,0.34445005602795525
liver_attenuation,full,clinical,ridge,female,pearson_r,0,0.2599970992998699
liver_attenuation,full,clinical,ridge,female,pearson_r,1,0.26652566866304994
liver_attenuation,full,clinical,ridge,female,pearson_r,2,0.2630477152165611
liver_attenuation,full,clinical,ridge,female,pearson_r,3,0.26627215493338985
liver_attenuation,full,clinical,ridge,female,pearson_r,4,0.26425726354075596
liver_attenuation,full,clinical,ridge,female,pearson_r,5,0.26749670391428293
liver_attenuation,full,clinical,ridge,female,pearson_r,6,0.263787265983383
liver_attenuation,full,clinical,ridge,female,pearson_r,7,0.26484525325835695
liver_attenuation,full,clinical,ridge,female,pearson_r,8,0.2649846175900192
liver_attenuation,full,clinical,ridge,female,pearson_r,9,0.2658610710761562
liver_attenuation,full,clinical,ridge,female,pearson_r,10,0.26549583958775924
liver_attenuation,full,clinical,ridge,female,pearson_r,11,0.26958323622616087
liver_attenuation,full,clinical,ridge,female,pearson_r,12,0.2643889110779759
liver_attenuation,full,clinical,ridge,female,pearson_r,13,0.26989132515617054
liver_attenuation,full,clinical,ridge,female,pearson_r,14,0.2674587551629321
liver_attenuation,full,clinical,ridge,overall,pearson_r,0,0.294465811632275
liver_attenuation,full,clinical,ridge,overall,pearson_r,1,0.2996987241174585
liver_attenuation,full,clinical,ridge,overall,pearson_r,2,0.2955383845521948
liver_attenuation,full,clinical,ridge,overall,pearson_r,3,0.2963755095105924
liver_attenuation,full,clinical,ridge,overall,pearson_r,4,0.29835004898702505
liver_attenuation,full,clinical,ridge,overall,pearson_r,5,0.2984226545159152
liver_attenuation,full,clinical,ridge,overall,pearson_r,6,0.2948916307854648
liver_attenuation,full,clinical,ridge,overall,pearson_r,7,0.2960371208296786
liver_attenuation,full,clinical,ridge,overall,pearson_r,8,0.2970589331402869
liver_attenuation,full,clinical,ridge,overall,pearson_r,9,0.2976024396994813
liver_attenuation,full,clinical,ridge,overall,pearson_r,10,0.2974678398687451
liver_attenuation,full,clinical,ridge,overall,pearson_r,11,0.29942232191033674
liver_attenuation,full,clinical,ridge,overall,pearson_r,12,0.2971992455741056
liver_attenuation,full,clinical,ridge,overall,pearson_r,13,0.3001413693551429
liver_attenuation,full,clinical,ridge,overall,pearson_r,14,0.29773415966713807
