sex,stratum_type,stratum,body_system,n_features,n_features_with_data,n_participants_in_band,median_delta_r,dispersion_across_features,dispersion_across_splits
F,age,50–65,anthropometric_group,3,3,895,0.007895693400561295,0.007366439910318024,0.0007200886191209521
F,age,50–65,blood_tests_lipids,3,3,687,0.02767812757152944,0.0013190400141072525,0.008826099367476505
F,age,50–65,body_composition,92,92,875,0.018727282498574818,0.0163282103908259,0.0012223323617079067
F,age,50–65,bone_density,152,152,870,0.0240921539201273,0.029465163110074372,0.00453530035948763
F,age,50–65,cardiovascular_system,41,41,871,0.0072780790725328615,0.03706604076601205,0.010290052611788647
F,age,50–65,frailty,7,7,875,0.021471600813162763,0.031628522659058224,0.0024099966527252317
F,age,50–65,glycemic_status,4,4,770,0.026423568602767213,0.027722139353414183,0.018312677388269204
F,age,50–65,hematopoietic,2,2,888,0.11821383615691336,0.15343259268946774,0.013675777076324749
F,age,50–65,high_level_diet_with_stage,24,24,887,0.02961028124012187,0.035577101754806696,0.014165322647482388
F,age,50–65,immune_system,1,1,889,-0.0287792797980937,,0.010407924696001903
F,age,50–65,lifestyle_group,8,8,791,-0.008247666908215984,0.06957672484623055,0.01755752189914289
F,age,50–65,liver,3,3,887,0.08529629257137876,0.04086653308061107,0.011484468069813208
F,age,50–65,mental,4,4,862,0.026790410830844682,0.08881110755410503,0.02199182910348936
F,age,50–65,metabolites,348,348,606,0.03362128782061942,0.04648303832696195,0.024629918042370563
F,age,50–65,microbiome,67,67,879,0.026063278356019064,0.036290363182984,0.017492456358711467
F,age,50–65,nightingale,103,103,461,0.020696585104243673,0.03429408805975009,0.018403896110827316
F,age,50–65,sleep_group,6,6,817,-0.0001631646692562827,0.04223218179510696,0.009994315879131768
F,age,<50,anthropometric_group,3,3,601,0.013386377550197797,0.0063489671349622225,0.0015514543999629
F,age,<50,blood_tests_lipids,3,3,366,0.008311016190141943,0.0449788378429279,0.022757184385917693
F,age,<50,body_composition,92,92,566,0.02106724751463334,0.020254595023833522,0.001552099408057363
F,age,<50,bone_density,152,152,547,0.02004559137475803,0.03382838800583055,0.005923749962520939
F,age,<50,cardiovascular_system,41,41,575,0.007216792555342166,0.04663428184764129,0.017789444849230288
F,age,<50,frailty,7,7,566,0.026931346080566153,0.05927736276819945,0.0023269798591919006
F,age,<50,glycemic_status,4,4,368,0.011373780276228594,0.01865890697194018,0.03742758651654697
F,age,<50,hematopoietic,2,2,590,0.0714158092097866,0.11664505162157389,0.014833264062580658
F,age,<50,high_level_diet_with_stage,24,24,583,0.03765404062634525,0.04750610311067539,0.015617759674280158
F,age,<50,immune_system,1,1,591,-0.04481709572408843,,0.016200792401492404
F,age,<50,lifestyle_group,8,8,485,0.026087034286459098,0.04876401136664834,0.026667558487473705
F,age,<50,liver,3,3,594,-0.03486933584021208,0.06103125555370036,0.020216574235772892
F,age,<50,mental,4,4,530,0.06473540993329767,0.05101263431604827,0.016415425157612133
F,age,<50,metabolites,348,348,274,0.06310078360455923,0.07170761787285791,0.033303434565998505
F,age,<50,microbiome,67,67,575,0.01735839829261217,0.047235167880920755,0.021796287253757162
F,age,<50,nightingale,103,103,208,0.05338346056152289,0.06321721501478561,0.027600380098918912
F,age,<50,sleep_group,6,6,500,0.010699294990149395,0.03512687560980629,0.015236349182415426
F,age,≥65,anthropometric_group,3,3,229,0.009835135038952503,0.008275292384630246,0.0012936308747087324
F,age,≥65,blood_tests_lipids,3,3,197,0.11738294337830033,0.06067900802929837,0.039039129239051215
F,age,≥65,body_composition,92,92,222,0.017784785953734665,0.02813797980646351,0.00271329944221678
F,age,≥65,bone_density,152,152,221,0.01577625565173172,0.04700453586348145,0.008242738135763598
F,age,≥65,cardiovascular_system,41,41,226,0.030984190217635987,0.08328076849171685,0.029985001668457995
F,age,≥65,frailty,7,7,222,0.021480486511737167,0.013499933110199359,0.004327277381532022
F,age,≥65,glycemic_status,4,4,194,0.022263796423030228,0.06241323876882259,0.038608762330412535
F,age,≥65,hematopoietic,2,2,229,0.13103902102164078,0.13045529706194986,0.019018532009962872
F,age,≥65,high_level_diet_with_stage,24,24,227,0.04619581488422396,0.05230893111227935,0.027199951642223087
F,age,≥65,immune_system,1,1,229,-0.03046095823758866,,0.03651084442332457
F,age,≥65,lifestyle_group,8,8,182,0.022934838472490934,0.07100142866091748,0.043923458013741035
F,age,≥65,liver,3,3,229,0.14660897793933725,0.14209681337283064,0.0294201110527503
F,age,≥65,mental,4,4,217,0.10796940555153059,0.03840804256048821,0.03445699503012092
F,age,≥65,metabolites,348,348,163,0.05160355577549015,0.08372312016964326,0.04708636872172538
F,age,≥65,microbiome,67,67,227,0.004096085044837687,0.07763238928981758,0.03516099442005372
F,age,≥65,nightingale,103,103,146,-0.02235040607348109,0.04435006846302628,0.03223135979095466
F,age,≥65,sleep_group,6,6,222,-0.03386182282989367,0.054928068803953595,0.024066104180741343
F,bmi,25–30,anthropometric_group,3,3,595,0.04496934768165718,0.027378981113464977,0.0021247933720584616
F,bmi,25–30,blood_tests_lipids,3,3,436,0.039670805479544304,0.0220622400362528,0.020264794851738394
F,bmi,25–30,body_composition,92,92,572,0.021673604123569196,0.0241893417995675,0.0020062102988310684
F,bmi,25–30,bone_density,152,152,564,0.017934652255174967,0.03161007224598108,0.005269449697443938
F,bmi,25–30,cardiovascular_system,41,41,580,-0.002010172176547443,0.060787275975623445,0.01797163180264272
F,bmi,25–30,frailty,7,7,572,0.02035594054021188,0.0228723633816147,0.0026475931490452563
F,bmi,25–30,glycemic_status,4,4,471,0.02224822687857205,0.012025331785376,0.01982940838276349
F,bmi,25–30,hematopoietic,2,2,592,0.10220956285138363,0.09569602788019531,0.009749115548701021
F,bmi,25–30,high_level_diet_with_stage,24,24,584,0.051134205115383594,0.04070886350076772,0.017299865834212808
F,bmi,25–30,immune_system,1,1,592,0.016943051835930197,,0.02087205127195359
F,bmi,25–30,lifestyle_group,8,8,500,0.04927166467429702,0.042702040229605234,0.019528400950718644
F,bmi,25–30,liver,3,3,587,0.12825917976597498,0.08678734778352722,0.017628474108938096
F,bmi,25–30,mental,4,4,550,0.010805228301166137,0.07799790240651738,0.017644089367158798
F,bmi,25–30,metabolites,348,348,369,0.04266580892317817,0.06292169334462652,0.03103785699190927
F,bmi,25–30,microbiome,67,67,580,0.011927027866981662,0.04971716333984245,0.022603443921228497
F,bmi,25–30,nightingale,103,103,292,0.016807428388012,0.04358768408458463,0.02479986964653487
F,bmi,25–30,sleep_group,6,6,529,-0.008444305127979576,0.06023486887353819,0.013512707701788695
F,bmi,<25,anthropometric_group,3,3,884,0.018432300664854514,0.017203487595048736,0.0033791515611097155
F,bmi,<25,blood_tests_lipids,3,3,614,0.0117185231142881,0.019496826985240207,0.017582271509424312
F,bmi,<25,body_composition,92,92,851,0.0333659049867191,0.027631648546784293,0.0022855267290727696
F,bmi,<25,bone_density,152,152,835,0.028569022336908168,0.030775727321029928,0.00582746182627621
F,bmi,<25,cardiovascular_system,41,41,847,0.010949249357647637,0.03696610778687512,0.012113508474591894
F,bmi,<25,frailty,7,7,851,0.03670229751541499,0.04486975177488749,0.0023262339750704402
F,bmi,<25,glycemic_status,4,4,663,0.054593709689894465,0.023284104339833963,0.02324679140738363
F,bmi,<25,hematopoietic,2,2,872,0.09961022672671724,0.09157690993063788,0.012312850816930765
F,bmi,<25,high_level_diet_with_stage,24,24,869,0.011973976933825799,0.030831549518067776,0.015636973675470754
F,bmi,<25,immune_system,1,1,872,0.07164274658513801,,0.016594649600723793
F,bmi,<25,lifestyle_group,8,8,748,0.034885760390283,0.04181054988297973,0.01629604995291156
F,bmi,<25,liver,3,3,880,0.04949949845465502,0.01676820735409564,0.022293663476653947
F,bmi,<25,mental,4,4,828,0.03532988000864273,0.05694203526568259,0.014543760791254237
F,bmi,<25,metabolites,348,348,504,0.048383993435797586,0.056554353176992304,0.02827847836269671
F,bmi,<25,microbiome,67,67,857,0.03496920508575797,0.04015867701879064,0.019948430570866853
F,bmi,<25,nightingale,103,103,398,0.04779181960407235,0.03302250165448114,0.021293982740416988
F,bmi,<25,sleep_group,6,6,784,0.0263527095830799,0.024810067140519226,0.012789018918035612
F,bmi,≥30,anthropometric_group,3,3,235,0.0044476286561166535,0.02439399492551882,0.0031875076871551705
F,bmi,≥30,blood_tests_lipids,3,3,190,0.0038220636317243557,0.030646965315674242,0.03764577278822653
F,bmi,≥30,body_composition,92,92,231,0.031276755559465144,0.0561623994472586,0.004830029929297175
F,bmi,≥30,bone_density,152,152,231,0.02275403626314746,0.0437091440393369,0.00965834189429594
F,bmi,≥30,cardiovascular_system,41,41,233,0.008103322312577058,0.06979016983137463,0.027635861784321168
F,bmi,≥30,frailty,7,7,231,0.06037878722026,0.057149631156198026,0.008781490561542414
F,bmi,≥30,glycemic_status,4,4,189,0.010224091643291813,0.035968692268017535,0.03497875368423916
F,bmi,≥30,hematopoietic,2,2,234,0.05189572524229598,0.08373101946066473,0.025417112885877752
F,bmi,≥30,high_level_diet_with_stage,24,24,233,0.043587988700213395,0.05635018746028381,0.024222725891446667
F,bmi,≥30,immune_system,1,1,234,-0.06696485396158197,,0.03066078237556203
F,bmi,≥30,lifestyle_group,8,8,198,0.0502157430514056,0.057840554465201977,0.034698424840502624
F,bmi,≥30,liver,3,3,233,0.15772093578133103,0.0774236160612868,0.028446189391652672
F,bmi,≥30,mental,4,4,220,0.05550168716340641,0.09081985683159902,0.028833908848590575
F,bmi,≥30,metabolites,348,348,163,0.007464565998803562,0.09268631042304522,0.04339188148457915
F,bmi,≥30,microbiome,67,67,233,0.037759539144362905,0.06413626720294495,0.034681578541820905
F,bmi,≥30,nightingale,103,103,120,0.03354998756582663,0.05392745544469789,0.05177825302002793
F,bmi,≥30,sleep_group,6,6,216,0.046941403414644776,0.034407698035710484,0.02803956971353426
M,age,50–65,anthropometric_group,3,3,802,0.012811239064589289,0.011445850657866243,0.000652731688565845
M,age,50–65,blood_tests_lipids,4,4,642,0.05337894682827672,0.01031500220362051,0.014404919122920508
M,age,50–65,body_composition,97,97,796,0.032806206832683316,0.03717907143921238,0.0014462804634629788
M,age,50–65,bone_density,159,159,791,0.025968071142768317,0.033741930252660396,0.004549986570723769
M,age,50–65,cardiovascular_system,40,40,770,0.03562367190386259,0.039181984091725325,0.01232777157868596
M,age,50–65,frailty,7,7,796,0.07953970451643215,0.04551570499369939,0.0025492272992593762
M,age,50–65,glycemic_status,3,3,675,0.006384424971696897,0.04119804437185024,0.011361708246898049
M,age,50–65,hematopoietic,2,2,801,0.07847211653218836,0.09819364281809405,0.01233205384382029
M,age,50–65,high_level_diet_with_stage,33,33,790,0.001065187552725415,0.02929336401149947,0.01329966310550487
M,age,50–65,immune_system,5,5,801,-0.018809136966627064,0.03887886622277559,0.014578105193200882
M,age,50–65,lifestyle_group,13,13,705,0.044050673709108396,0.029297917049110687,0.020179818850523664
M,age,50–65,liver,4,4,798,0.033417252477372705,0.01432162104056155,0.0066814565975996856
M,age,50–65,mental,2,2,760,0.05854525819808093,0.026604582640622793,0.020586869217305747
M,age,50–65,metabolites,307,307,573,0.04625234186394836,0.05211518484903099,0.02345523314304356
M,age,50–65,microbiome,77,77,792,0.02636929724644014,0.0448043646872898,0.01782715571292236
M,age,50–65,nightingale,136,136,456,0.04427644528547935,0.03506231316216034,0.01587218076377252
M,age,50–65,renal_function,1,1,686,-0.012679147015978684,,0.01670974746137244
M,age,50–65,sleep_group,11,11,770,0.03267910590290584,0.03150077734871297,0.015217482642980937
M,age,<50,anthropometric_group,3,3,624,0.0059664645456469325,0.00611901411893373,0.0006325690979003747
M,age,<50,blood_tests_lipids,4,4,424,0.00038243213284622386,0.02578546776449241,0.012844759402078403
M,age,<50,body_composition,97,97,607,0.0222660081711897,0.024608413631782424,0.0013349028896653564
M,age,<50,bone_density,159,159,566,0.01624911633188469,0.034745473577184924,0.00439578663392479
M,age,<50,cardiovascular_system,40,40,592,0.03784801636034996,0.06678474910918482,0.018254549790274546
M,age,<50,frailty,7,7,607,0.02550563284110531,0.03772868884601986,0.0023333285887815036
M,age,<50,glycemic_status,3,3,415,0.06316356675686925,0.018578059402427502,0.018078393166888255
M,age,<50,hematopoietic,2,2,620,0.08327436737089718,0.05382303414498178,0.018028654796104913
M,age,<50,high_level_diet_with_stage,33,33,594,0.04493981250304986,0.026002993987003637,0.016055319724022844
M,age,<50,immune_system,5,5,620,0.008647222491714047,0.017769596974979065,0.01855235387918761
M,age,<50,lifestyle_group,13,13,499,0.06966663077264416,0.061560612171179835,0.022700625150663845
M,age,<50,liver,4,4,620,0.008273848299743319,0.04128115090394034,0.007008597971650603
M,age,<50,mental,2,2,545,0.0711111344640903,0.09843285970627065,0.021237945339692598
M,age,<50,metabolites,307,307,336,0.051301749017150136,0.07350992073955252,0.02977419862467652
M,age,<50,microbiome,77,77,602,0.028793310291674902,0.03498693547292967,0.019745851621803766
M,age,<50,nightingale,136,136,232,0.04491333246792735,0.03885953499581754,0.023944304496263766
M,age,<50,renal_function,1,1,442,0.032345520835366466,,0.021897154690610068
M,age,<50,sleep_group,11,11,545,0.023894557014782398,0.045663682081655124,0.018769853401924046
M,age,≥65,anthropometric_group,3,3,185,0.019693112114621058,0.006068843316833679,0.0014371733170242824
M,age,≥65,blood_tests_lipids,4,4,154,0.03225770807057948,0.029229373113644545,0.034282761024305865
M,age,≥65,body_composition,97,97,182,0.03061695627961077,0.04263001973119525,0.0030531577677283517
M,age,≥65,bone_density,159,159,182,0.03016667155415921,0.044321836971198285,0.009932453881296802
M,age,≥65,cardiovascular_system,40,40,180,0.02656308866882752,0.06530842688855065,0.02790733570611649
M,age,≥65,frailty,7,7,182,0.044519140933131626,0.04950237993032528,0.00655114938833807
M,age,≥65,glycemic_status,3,3,153,-0.05289031774208095,0.06676233543837358,0.03118766868569121
M,age,≥65,hematopoietic,2,2,185,0.060504019911302206,0.07989531937069783,0.028607362755010954
M,age,≥65,high_level_diet_with_stage,33,33,182,0.02755055086682856,0.04968196450395567,0.02612259398223105
M,age,≥65,immune_system,5,5,185,0.08812060360640692,0.09032991639722672,0.031741479463287314
M,age,≥65,lifestyle_group,13,13,168,0.07030431232911515,0.05286800511976286,0.041358312816030564
M,age,≥65,liver,4,4,184,0.05011047483144687,0.05080213707637542,0.02312472532043083
M,age,≥65,mental,2,2,180,0.14517936752789182,0.03476046401203128,0.041982108080373684
M,age,≥65,metabolites,307,307,143,0.06833807748744586,0.09501848875739667,0.046837553341531585
M,age,≥65,microbiome,77,77,185,0.05972305890007612,0.07221806146806066,0.03817940834329836
M,age,≥65,nightingale,136,136,124,0.025682651787538882,0.07937599745897705,0.04006613008091887
M,age,≥65,renal_function,1,1,157,0.118340707708993,,0.03718845233074657
M,age,≥65,sleep_group,11,11,183,-0.012664294501879173,0.07920545705140428,0.028658460639953805
M,bmi,25–30,anthropometric_group,3,3,789,0.02615926752984566,0.0157172718516991,0.0015055704935746893
M,bmi,25–30,blood_tests_lipids,4,4,613,0.04798641634811375,0.01616152592634549,0.016146055971283282
M,bmi,25–30,body_composition,97,97,782,0.034433310615273306,0.03761468963777998,0.002079817809511659
M,bmi,25–30,bone_density,159,159,761,0.029907258598874834,0.04373637198562031,0.0045034538601301435
M,bmi,25–30,cardiovascular_system,40,40,758,0.024949837322519954,0.03758054581022739,0.012519452537947477
M,bmi,25–30,frailty,7,7,782,0.0407796782011524,0.03568853275806623,0.0025092193370062866
M,bmi,25–30,glycemic_status,3,3,623,0.02033018007939026,0.019310395432439953,0.009355310939864582
M,bmi,25–30,hematopoietic,2,2,789,0.06015166563680044,0.06796744068881524,0.012807735141035146
M,bmi,25–30,high_level_diet_with_stage,33,33,770,0.021638772866926014,0.026673551335040978,0.014138725129056059
M,bmi,25–30,immune_system,5,5,789,0.012016721699845054,0.018219967151710703,0.016847520051109528
M,bmi,25–30,lifestyle_group,13,13,673,0.052680419664448655,0.029432514652504568,0.016078691402983666
M,bmi,25–30,liver,4,4,787,0.022343514312269427,0.03583917735171211,0.01024369173209928
M,bmi,25–30,mental,2,2,728,0.03714264812352208,0.02125251888437915,0.018091990937992047
M,bmi,25–30,metabolites,307,307,544,0.03387950271848967,0.06034500593672663,0.02299303682166898
M,bmi,25–30,microbiome,77,77,775,0.030107614494117033,0.035112005542372184,0.017762636516353788
M,bmi,25–30,nightingale,136,136,419,0.05415321737790793,0.029446216319050533,0.021559156119841626
M,bmi,25–30,renal_function,1,1,641,0.017408567893061177,,0.018119403530190127
M,bmi,25–30,sleep_group,11,11,740,0.002740852372749336,0.03689089102427577,0.01362172016841957
M,bmi,<25,anthropometric_group,3,3,608,0.011951615463992165,0.01990748610259101,0.0014528373162898262
M,bmi,<25,blood_tests_lipids,4,4,438,0.03040239906552784,0.008338269236265653,0.016179969296710988
M,bmi,<25,body_composition,97,97,593,0.027647214397349955,0.032316191950291645,0.0018480324395210126
M,bmi,<25,bone_density,159,159,572,0.024330887897280662,0.04041557127218005,0.0050939787754901615
M,bmi,<25,cardiovascular_system,40,40,582,0.02374979474630736,0.06806387149963888,0.018254696263918575
M,bmi,<25,frailty,7,7,593,0.03344522279576571,0.03099267705809792,0.0028754897110979637
M,bmi,<25,glycemic_status,3,3,456,-0.010047916031076316,0.009652837874106248,0.02478573635652977
M,bmi,<25,hematopoietic,2,2,602,0.09831204827097986,0.026226080337740133,0.017460059089773657
M,bmi,<25,high_level_diet_with_stage,33,33,587,0.011074896515653515,0.02870712208160845,0.016192453083832357
M,bmi,<25,immune_system,5,5,603,0.009570194751007706,0.01169012660704438,0.023408746077733526
M,bmi,<25,lifestyle_group,13,13,519,0.05858754058363958,0.03185152707957859,0.02112561766887922
M,bmi,<25,liver,4,4,602,0.017100327612138783,0.02063192913029446,0.013877343401531964
M,bmi,<25,mental,2,2,560,0.08073822270219419,0.03324834581865479,0.01931123256491621
M,bmi,<25,metabolites,307,307,372,0.05212946438680275,0.06238955572427605,0.028162998506500746
M,bmi,<25,microbiome,77,77,596,0.019837402410952467,0.044462204140351465,0.02025543078240098
M,bmi,<25,nightingale,136,136,287,0.01689560000405127,0.032479983257926934,0.024373225509824216
M,bmi,<25,renal_function,1,1,470,-0.014281037424175054,,0.01337662593198936
M,bmi,<25,sleep_group,11,11,558,0.01848992794175474,0.036444700312988874,0.01824915877085227
M,bmi,≥30,anthropometric_group,3,3,211,0.049396832450911456,0.031056511681014337,0.0035556375087256757
M,bmi,≥30,blood_tests_lipids,4,4,168,0.09740420323928918,0.0790407323836113,0.031044997674719185
M,bmi,≥30,body_composition,97,97,207,0.06673167811165139,0.04457450341388249,0.004628086655965672
M,bmi,≥30,bone_density,159,159,203,0.049754367149751136,0.06518092643851565,0.009386744299359531
M,bmi,≥30,cardiovascular_system,40,40,201,0.0394373711808645,0.06650970675848347,0.030192519419271226
M,bmi,≥30,frailty,7,7,207,0.07873834695247724,0.03746910175716972,0.00542763520077534
M,bmi,≥30,glycemic_status,3,3,163,0.022319148238647203,0.07090503250216892,0.027669262503362744
M,bmi,≥30,hematopoietic,2,2,211,0.01326482982539964,0.07995321899453013,0.024997295188291746
M,bmi,≥30,high_level_diet_with_stage,33,33,207,0.043906164189949685,0.05829061293000773,0.024792587658863555
M,bmi,≥30,immune_system,5,5,211,0.11861763317324336,0.07407234294749973,0.03429323345699023
M,bmi,≥30,lifestyle_group,13,13,175,0.05018501387759037,0.10834646763066823,0.04215711596630321
M,bmi,≥30,liver,4,4,210,0.07070750187170483,0.04576930262522637,0.021500744813962414
M,bmi,≥30,mental,2,2,194,0.07136922824233125,0.0037495644626083543,0.03113599942907519
M,bmi,≥30,metabolites,307,307,133,0.03876591482767156,0.1047620683283732,0.04413764415404375
M,bmi,≥30,microbiome,77,77,205,0.02831344095425808,0.0716289847860491,0.03105113656155392
M,bmi,≥30,nightingale,136,136,105,0.0635650151765485,0.10904756360900679,0.05724689412156093
M,bmi,≥30,renal_function,1,1,171,0.01698461936479915,,0.053156308410524294
M,bmi,≥30,sleep_group,11,11,199,0.03632349373031495,0.028972040664331736,0.03082002546686381
